artifact,internal_path,size_bytes,compressed_bytes,crc32
atlas_a3_research_workspace_v0_1.zip,atlas_a3_research_workspace_v0_1/A3_RESEARCH_WORKSPACE.md,1148,644,29e09ef1
atlas_a3_research_workspace_v0_1.zip,atlas_a3_research_workspace_v0_1/A3_SETUP_CHECKLIST.csv,581,321,61e2f2d8
atlas_a3_research_workspace_v0_1.zip,atlas_a3_research_workspace_v0_1/README.md,410,280,08433468
atlas_a3_research_workspace_v0_1.zip,atlas_a3_research_workspace_v0_1/heurist/statements_for_heurist.csv,15996,2238,8e703871
atlas_a3_research_workspace_v0_1.zip,atlas_a3_research_workspace_v0_1/heurist/HEURIST_SETUP_BLUEPRINT.md,2016,1057,b5032cb0
atlas_a3_research_workspace_v0_1.zip,atlas_a3_research_workspace_v0_1/heurist/sources_for_heurist.csv,6104,2410,bc88563a
atlas_a3_research_workspace_v0_1.zip,atlas_a3_research_workspace_v0_1/heurist/HEURIST_FIELD_DICTIONARY.csv,2068,855,f50b81f2
atlas_a3_research_workspace_v0_1.zip,atlas_a3_research_workspace_v0_1/heurist/entities_for_heurist.csv,11823,2730,6cf151ca
atlas_a3_research_workspace_v0_1.zip,atlas_a3_research_workspace_v0_1/zotero/ZOTERO_STRUCTURE.md,1434,702,493f0672
atlas_a3_research_workspace_v0_1.zip,atlas_a3_research_workspace_v0_1/openrefine/OPENREFINE_RECONCILIATION_RECIPE.md,1454,750,ed63a305
atlas_a3_research_workspace_v0_1.zip,atlas_a3_research_workspace_v0_1/workflow/SOURCE_REGISTRY_RULES.md,1096,607,ba9564c4
atlas_a3_research_workspace_v0_1.zip,atlas_a3_research_workspace_v0_1/workflow/RESEARCH_CHECKLIST.md,1300,661,fa33b309
atlas_a3_research_workspace_v0_1.zip,atlas_a3_research_workspace_v0_1/workflow/EXPORT_BACKUP_ROUTINE.md,1004,544,9690410a
atlas_a4_seed_dataset_v0_1.zip,atlas_a4_seed_dataset_v0_1/A4_ACCEPTANCE_GATES.md,1358,784,e35e0482
atlas_a4_seed_dataset_v0_1.zip,atlas_a4_seed_dataset_v0_1/A4_SEED_MATRIX.csv,8870,3639,9b332a19
atlas_a4_seed_dataset_v0_1.zip,atlas_a4_seed_dataset_v0_1/ROADMAP_INTERPRETATION.md,474,319,959ecfaa
atlas_a4_seed_dataset_v0_1.zip,atlas_a4_seed_dataset_v0_1/A4_STARTER_SOURCES.csv,6645,1519,3fb5a01a
atlas_a4_seed_dataset_v0_1.zip,atlas_a4_seed_dataset_v0_1/POST_A9_LIFECYCLE.md,2301,1202,16f4b0d6
atlas_a4_seed_dataset_v0_1.zip,atlas_a4_seed_dataset_v0_1/A4_PLAN.md,2683,1438,ea411f4b
atlas_a4_seed_dataset_v0_1.zip,atlas_a4_seed_dataset_v0_1/README.md,261,187,7c10ff00
atlas_a4_seed_validation_v0_2.zip,atlas_a4_seed_validation_v0_2/atlas_a4_canonical_v1_0.sqlite,634880,102444,e3edaeff
atlas_a4_seed_validation_v0_2.zip,atlas_a4_seed_validation_v0_2/A4_CASE_RESULTS.csv,1449,744,5e4f8a36
atlas_a4_seed_validation_v0_2.zip,atlas_a4_seed_validation_v0_2/A4_ACCEPTANCE_CHECKS.json,2326,588,6ce0c478
atlas_a4_seed_validation_v0_2.zip,atlas_a4_seed_validation_v0_2/A4_SOURCE_REGISTRY.csv,5177,2092,f2f33359
atlas_a4_seed_validation_v0_2.zip,atlas_a4_seed_validation_v0_2/A4_VALIDATION_RESULT.json,5303,1110,e182718a
atlas_a4_seed_validation_v0_2.zip,atlas_a4_seed_validation_v0_2/README.md,332,217,7a5e4382
atlas_a4_seed_validation_v0_2.zip,atlas_a4_seed_validation_v0_2/docs/A4_VALIDATION_REPORT.md,4095,1702,9505253d
atlas_a5_chapter1_batches_2_3_v0_2.zip,atlas_a5_chapter1_batches_2_3_v0_2/A5_B2_B3_SOURCES.csv,2626,873,9e34e6ea
atlas_a5_chapter1_batches_2_3_v0_2.zip,atlas_a5_chapter1_batches_2_3_v0_2/A5_TIMELINE_1885_1918_v0_2.json,2373,682,50830656
atlas_a5_chapter1_batches_2_3_v0_2.zip,atlas_a5_chapter1_batches_2_3_v0_2/A5_B2_B3_VALIDATION.json,3557,770,24eda204
atlas_a5_chapter1_batches_2_3_v0_2.zip,atlas_a5_chapter1_batches_2_3_v0_2/A5_RESEARCH_QUEUE_v0_2.csv,1183,691,1f936ae0
atlas_a5_chapter1_batches_2_3_v0_2.zip,atlas_a5_chapter1_batches_2_3_v0_2/README.md,317,250,7ea3f8b2
atlas_a5_chapter1_batches_2_3_v0_2.zip,atlas_a5_chapter1_batches_2_3_v0_2/atlas_a5_chapter1_v0_2.sqlite,741376,127194,b7940d1a
atlas_a5_chapter1_batches_2_3_v0_2.zip,atlas_a5_chapter1_batches_2_3_v0_2/docs/A5_B2_B3_REPORT.md,2168,1125,b33a0f47
atlas_a5_chapter1_batches_4_5_v0_3.zip,atlas_a5_chapter1_batches_4_5_v0_3/atlas_a5_chapter1_v0_3.sqlite,774144,135927,9190fe98
atlas_a5_chapter1_batches_4_5_v0_3.zip,atlas_a5_chapter1_batches_4_5_v0_3/A5_B4_B5_VALIDATION.json,3425,748,1b118b07
atlas_a5_chapter1_batches_4_5_v0_3.zip,atlas_a5_chapter1_batches_4_5_v0_3/A5_B4_B5_SOURCES.csv,2204,905,00b5447b
atlas_a5_chapter1_batches_4_5_v0_3.zip,atlas_a5_chapter1_batches_4_5_v0_3/A5_RESEARCH_QUEUE_v0_3.csv,975,579,476cb819
atlas_a5_chapter1_batches_4_5_v0_3.zip,atlas_a5_chapter1_batches_4_5_v0_3/README.md,337,256,69fe30f7
atlas_a5_chapter1_batches_4_5_v0_3.zip,atlas_a5_chapter1_batches_4_5_v0_3/A5_TIMELINE_1885_1918_v0_3.json,3285,898,8832bf56
atlas_a5_chapter1_batches_4_5_v0_3.zip,atlas_a5_chapter1_batches_4_5_v0_3/docs/A5_B4_B5_REPORT.md,1291,753,214536fb
atlas_a5_chapter1_complete_v0_4.zip,atlas_a5_chapter1_complete_v0_4/A5_TIMELINE_1885_1918_FINAL.json,4224,1130,af00bc20
atlas_a5_chapter1_complete_v0_4.zip,atlas_a5_chapter1_complete_v0_4/A5_CHAPTER1_VALIDATION.json,4942,1024,30a0219f
atlas_a5_chapter1_complete_v0_4.zip,atlas_a5_chapter1_complete_v0_4/A5_B6_B8_SOURCES.csv,2043,769,66434247
atlas_a5_chapter1_complete_v0_4.zip,atlas_a5_chapter1_complete_v0_4/atlas_a5_chapter1_complete_v0_4.sqlite,843776,150221,90d7046e
atlas_a5_chapter1_complete_v0_4.zip,atlas_a5_chapter1_complete_v0_4/A5_POST_CHAPTER_BACKLOG.csv,721,439,ed489f9e
atlas_a5_chapter1_complete_v0_4.zip,atlas_a5_chapter1_complete_v0_4/README.md,302,221,112c539e
atlas_a5_chapter1_complete_v0_4.zip,atlas_a5_chapter1_complete_v0_4/docs/A6_FUNCTIONAL_MVP_BRIEF.md,1575,908,cfc2b962
atlas_a5_chapter1_complete_v0_4.zip,atlas_a5_chapter1_complete_v0_4/docs/A5_CHAPTER1_COMPLETION_REPORT.md,2424,1280,60e8729b
atlas_a5_chapter1_foundation_v0_1.zip,atlas_a5_chapter1_foundation_v0_1/A5_BATCH1_VALIDATION.json,387,186,fea4419d
atlas_a5_chapter1_foundation_v0_1.zip,atlas_a5_chapter1_foundation_v0_1/A5_TIMELINE_1885_1918.json,1668,493,5c1cfa4f
atlas_a5_chapter1_foundation_v0_1.zip,atlas_a5_chapter1_foundation_v0_1/A5_RESEARCH_QUEUE.csv,1726,882,f74e755f
atlas_a5_chapter1_foundation_v0_1.zip,atlas_a5_chapter1_foundation_v0_1/README.md,291,209,2ae1ae03
atlas_a5_chapter1_foundation_v0_1.zip,atlas_a5_chapter1_foundation_v0_1/atlas_a5_chapter1_v0_1.sqlite,684032,116871,efa96683
atlas_a5_chapter1_foundation_v0_1.zip,atlas_a5_chapter1_foundation_v0_1/A5_BATCH1_SOURCES.csv,2853,1150,5a9af53e
atlas_a5_chapter1_foundation_v0_1.zip,atlas_a5_chapter1_foundation_v0_1/docs/A5_CHAPTER_PLAN.md,2290,1204,a296f34f
atlas_a5_chapter1_foundation_v0_1.zip,atlas_a5_chapter1_foundation_v0_1/docs/A5_BATCH1_REPORT.md,972,601,325c1088
atlas_a6_functional_mvp_v0_1.zip,atlas_a6_functional_mvp_v0_1/app.py,17562,4271,99c88dcc
atlas_a6_functional_mvp_v0_1.zip,atlas_a6_functional_mvp_v0_1/requirements.txt,45,41,369dbe85
atlas_a6_functional_mvp_v0_1.zip,atlas_a6_functional_mvp_v0_1/run.bat,79,77,326355a2
atlas_a6_functional_mvp_v0_1.zip,atlas_a6_functional_mvp_v0_1/requirements-datasette.txt,10,12,e6db8749
atlas_a6_functional_mvp_v0_1.zip,atlas_a6_functional_mvp_v0_1/SMOKE_TEST_RESULT.json,660,346,de3442a0
atlas_a6_functional_mvp_v0_1.zip,atlas_a6_functional_mvp_v0_1/run.sh,94,87,f94ba76a
atlas_a6_functional_mvp_v0_1.zip,atlas_a6_functional_mvp_v0_1/README.md,1589,899,76624ba8
atlas_a6_functional_mvp_v0_1.zip,atlas_a6_functional_mvp_v0_1/data/atlas.sqlite,843776,150221,90d7046e
atlas_a6_functional_mvp_v0_1.zip,atlas_a6_functional_mvp_v0_1/data/geo_points.json,1584,406,9b67bef3
atlas_a6_functional_mvp_v0_1.zip,atlas_a6_functional_mvp_v0_1/datasette/run_datasette.bat,122,98,a6d774c5
atlas_a6_functional_mvp_v0_1.zip,atlas_a6_functional_mvp_v0_1/datasette/metadata.yml,298,187,35243fa5
atlas_a6_functional_mvp_v0_1.zip,atlas_a6_functional_mvp_v0_1/tests/smoke_test.py,3610,1273,dc007681
atlas_a6_functional_mvp_v0_1.zip,atlas_a6_functional_mvp_v0_1/tests/README.md,283,202,3220d931
atlas_a6_functional_mvp_v0_1.zip,atlas_a6_functional_mvp_v0_1/__pycache__/app.cpython-313.pyc,21744,9544,976fd949
atlas_a6_functional_mvp_v0_1.zip,atlas_a6_functional_mvp_v0_1/docs/A6_VALIDATION_RESULT.md,1972,1112,efc37d6e
atlas_a6_functional_mvp_v0_1.zip,atlas_a6_functional_mvp_v0_1/docs/A6_ACCEPTANCE_TESTS.md,1500,794,6c4a8b0b
atlas_a6_functional_mvp_v0_1.zip,atlas_a6_functional_mvp_v0_1/docs/A6_RESULT.md,1158,633,93de1375
atlas_a6_functional_mvp_v0_1.zip,atlas_a6_functional_mvp_v0_1/docs/A6_ARCHITECTURE_DECISION.md,1682,885,378e0df4
atlas_a6_functional_mvp_v0_1.zip,atlas_a6_functional_mvp_v0_1/static/app.js,12199,4395,828bc35f
atlas_a6_functional_mvp_v0_1.zip,atlas_a6_functional_mvp_v0_1/static/index.html,5711,1925,11123fe2
atlas_a6_functional_mvp_v0_1.zip,atlas_a6_functional_mvp_v0_1/static/styles.css,7690,2449,31132a39
atlas_a6_functional_mvp_v0_1.zip,atlas_a6_functional_mvp_v0_1/tests/__pycache__/smoke_test.cpython-313.pyc,6406,3100,1a86bbc7
atlas_a7_content_mvp_v0_1.zip,atlas_a7_content_mvp_v0_1/run.sh,94,87,f94ba76a
atlas_a7_content_mvp_v0_1.zip,atlas_a7_content_mvp_v0_1/app.py,17714,4324,e722e6fd
atlas_a7_content_mvp_v0_1.zip,atlas_a7_content_mvp_v0_1/requirements.txt,45,41,369dbe85
atlas_a7_content_mvp_v0_1.zip,atlas_a7_content_mvp_v0_1/run.bat,79,77,326355a2
atlas_a7_content_mvp_v0_1.zip,atlas_a7_content_mvp_v0_1/requirements-datasette.txt,10,12,e6db8749
atlas_a7_content_mvp_v0_1.zip,atlas_a7_content_mvp_v0_1/A7_SMOKE_TEST_RESULT.json,742,380,43992c4c
atlas_a7_content_mvp_v0_1.zip,atlas_a7_content_mvp_v0_1/SMOKE_TEST_RESULT.json,660,346,de3442a0
atlas_a7_content_mvp_v0_1.zip,atlas_a7_content_mvp_v0_1/README.md,1952,1077,f6f6afe6
atlas_a7_content_mvp_v0_1.zip,atlas_a7_content_mvp_v0_1/data/geo_points.json,2215,521,6127f08d
atlas_a7_content_mvp_v0_1.zip,atlas_a7_content_mvp_v0_1/data/atlas.sqlite,970752,175962,75af2795
atlas_a7_content_mvp_v0_1.zip,atlas_a7_content_mvp_v0_1/tests/smoke_test.py,4751,1629,190bd657
atlas_a7_content_mvp_v0_1.zip,atlas_a7_content_mvp_v0_1/tests/README.md,283,202,3220d931
atlas_a7_content_mvp_v0_1.zip,atlas_a7_content_mvp_v0_1/__pycache__/app.cpython-313.pyc,21898,9640,0da12fd3
atlas_a7_content_mvp_v0_1.zip,atlas_a7_content_mvp_v0_1/static/app.js,12199,4395,828bc35f
atlas_a7_content_mvp_v0_1.zip,atlas_a7_content_mvp_v0_1/static/styles.css,7690,2449,31132a39
atlas_a7_content_mvp_v0_1.zip,atlas_a7_content_mvp_v0_1/static/index.html,5711,1925,11123fe2
atlas_a7_content_mvp_v0_1.zip,atlas_a7_content_mvp_v0_1/datasette/run_datasette.bat,122,98,a6d774c5
atlas_a7_content_mvp_v0_1.zip,atlas_a7_content_mvp_v0_1/datasette/metadata.yml,298,187,35243fa5
atlas_a7_content_mvp_v0_1.zip,atlas_a7_content_mvp_v0_1/docs/A6_VALIDATION_RESULT.md,1972,1112,efc37d6e
atlas_a7_content_mvp_v0_1.zip,atlas_a7_content_mvp_v0_1/docs/A7_REGION_COVERAGE.csv,428,303,57834a15
atlas_a7_content_mvp_v0_1.zip,atlas_a7_content_mvp_v0_1/docs/A7_ANCHORS.json,3467,770,20257bf6
atlas_a7_content_mvp_v0_1.zip,atlas_a7_content_mvp_v0_1/docs/A7_SOURCE_REGISTRY.csv,4564,1793,f7f0983a
atlas_a7_content_mvp_v0_1.zip,atlas_a7_content_mvp_v0_1/docs/A7_CONTENT_BACKLOG.csv,962,579,264f99ce
atlas_a7_content_mvp_v0_1.zip,atlas_a7_content_mvp_v0_1/docs/A7_CONTENT_MVP_REPORT.md,2236,1262,9d1d6b5c
atlas_a7_content_mvp_v0_1.zip,atlas_a7_content_mvp_v0_1/docs/A6_ACCEPTANCE_TESTS.md,1500,794,6c4a8b0b
atlas_a7_content_mvp_v0_1.zip,atlas_a7_content_mvp_v0_1/docs/A6_RESULT.md,1158,633,93de1375
atlas_a7_content_mvp_v0_1.zip,atlas_a7_content_mvp_v0_1/docs/A7_VALIDATION_RESULT.json,1049,470,8eb371a9
atlas_a7_content_mvp_v0_1.zip,atlas_a7_content_mvp_v0_1/docs/A6_ARCHITECTURE_DECISION.md,1682,885,378e0df4
atlas_a7_content_mvp_v0_1.zip,atlas_a7_content_mvp_v0_1/tests/__pycache__/smoke_test.cpython-313.pyc,6406,3100,1a86bbc7
atlas_a8_architecture_gate_v0_1.zip,atlas_a8_architecture_gate_v0_1/atlas_canonical_a7.sqlite,970752,175962,75af2795
atlas_a8_architecture_gate_v0_1.zip,atlas_a8_architecture_gate_v0_1/serve.bat,55,57,e9e2a051
atlas_a8_architecture_gate_v0_1.zip,atlas_a8_architecture_gate_v0_1/serve.sh,71,71,2f651b22
atlas_a8_architecture_gate_v0_1.zip,atlas_a8_architecture_gate_v0_1/README.md,620,417,1ff659d9
atlas_a8_architecture_gate_v0_1.zip,atlas_a8_architecture_gate_v0_1/site/map.html,1785,901,d39679b2
atlas_a8_architecture_gate_v0_1.zip,atlas_a8_architecture_gate_v0_1/site/timeline.html,15172,5058,70a2d413
atlas_a8_architecture_gate_v0_1.zip,atlas_a8_architecture_gate_v0_1/site/index.html,3486,1379,4c13e01c
atlas_a8_architecture_gate_v0_1.zip,atlas_a8_architecture_gate_v0_1/docs/A8_ARCHITECTURE_DECISION_v1.0.md,5213,2461,9a53a826
atlas_a8_architecture_gate_v0_1.zip,atlas_a8_architecture_gate_v0_1/docs/A8_TECHNOLOGY_MATRIX.csv,1195,740,78ef0a23
atlas_a8_architecture_gate_v0_1.zip,atlas_a8_architecture_gate_v0_1/docs/A8_VALIDATION_RESULT.json,281,165,3d770151
atlas_a8_architecture_gate_v0_1.zip,atlas_a8_architecture_gate_v0_1/docs/A9_IMPLEMENTATION_PLAN.md,2365,1257,d073e0bf
atlas_a8_architecture_gate_v0_1.zip,atlas_a8_architecture_gate_v0_1/prototype/GENERATOR_CONTRACT.md,658,396,1eb9a261
atlas_a8_architecture_gate_v0_1.zip,atlas_a8_architecture_gate_v0_1/site/data/graph-index.json,82228,21414,86ca64b0
atlas_a8_architecture_gate_v0_1.zip,atlas_a8_architecture_gate_v0_1/site/data/timeline.json,13201,4412,43a9ede5
atlas_a8_architecture_gate_v0_1.zip,atlas_a8_architecture_gate_v0_1/site/data/search-index.json,56875,11698,3b5ba802
atlas_a8_architecture_gate_v0_1.zip,atlas_a8_architecture_gate_v0_1/site/data/map-points.json,2762,796,0c58d059
atlas_a8_architecture_gate_v0_1.zip,atlas_a8_architecture_gate_v0_1/site/assets/app.js,3501,1614,290beaa3
atlas_a8_architecture_gate_v0_1.zip,atlas_a8_architecture_gate_v0_1/site/assets/styles.css,9606,2778,cd6fa621
atlas_a8_architecture_gate_v0_1.zip,atlas_a8_architecture_gate_v0_1/site/entity/01a01028-5456-7995-9f7e-f62849d921c2.html,6098,1710,807dea85
atlas_a8_architecture_gate_v0_1.zip,atlas_a8_architecture_gate_v0_1/site/entity/01a010d9-28c4-75e7-b4de-555e9f8b5b9a.html,3373,1305,12556d4e
atlas_a8_architecture_gate_v0_1.zip,atlas_a8_architecture_gate_v0_1/site/entity/01a0102a-57ed-7642-b680-6fc32323b24d.html,5626,1769,724dadb0
atlas_a8_architecture_gate_v0_1.zip,atlas_a8_architecture_gate_v0_1/site/entity/01a01016-ea4e-7773-be00-13358fc1c566.html,8126,2115,6c2f37bb
atlas_a8_architecture_gate_v0_1.zip,atlas_a8_architecture_gate_v0_1/site/entity/01a010d9-28c2-7096-b44e-46cb4d0c6ad7.html,4047,1521,316216d8
atlas_a8_architecture_gate_v0_1.zip,atlas_a8_architecture_gate_v0_1/site/entity/01a01016-ea4d-7319-9f1b-4a0e30df07f1.html,8731,2110,935a95fe
atlas_a8_architecture_gate_v0_1.zip,atlas_a8_architecture_gate_v0_1/site/entity/01a01016-ea4c-730d-b48d-0dc661cb9d75.html,4708,1659,4abd213d
atlas_a8_architecture_gate_v0_1.zip,atlas_a8_architecture_gate_v0_1/site/entity/01a01016-ea4d-7440-b02a-c7e60a99d201.html,4206,1440,2ac65d1c
atlas_a8_architecture_gate_v0_1.zip,atlas_a8_architecture_gate_v0_1/site/entity/01a01016-ea4e-7fb0-ad4e-b1ad2d5f5a72.html,5774,1736,fb71292b
atlas_a8_architecture_gate_v0_1.zip,atlas_a8_architecture_gate_v0_1/site/entity/01a01016-ea4e-7290-91db-c64d4bd07c58.html,5158,1814,27fbd873
atlas_a8_architecture_gate_v0_1.zip,atlas_a8_architecture_gate_v0_1/site/entity/01a01016-ea4d-7c35-9756-76cc5f5923c6.html,5627,1663,e25c2394
atlas_a8_architecture_gate_v0_1.zip,atlas_a8_architecture_gate_v0_1/site/entity/01a0102a-57ec-7309-8d54-0f54dc877ecd.html,4469,1509,9cfd0bf8
atlas_a8_architecture_gate_v0_1.zip,atlas_a8_architecture_gate_v0_1/site/entity/01a01028-5444-72dd-a02a-3569f92fd9bb.html,4451,1539,a011783e
atlas_a8_architecture_gate_v0_1.zip,atlas_a8_architecture_gate_v0_1/site/entity/01a01028-5441-7e94-9604-f48e8c9254e7.html,4607,1493,c712255b
atlas_a8_architecture_gate_v0_1.zip,atlas_a8_architecture_gate_v0_1/site/entity/01a01016-ea4e-7180-ac81-89b804c1c48c.html,7294,1951,ca23e04e
atlas_a8_architecture_gate_v0_1.zip,atlas_a8_architecture_gate_v0_1/site/entity/01a01028-5456-7f2b-ab99-663eb015e56f.html,3401,1322,653029fb
atlas_a8_architecture_gate_v0_1.zip,atlas_a8_architecture_gate_v0_1/site/entity/01a01016-ea4e-7e94-96bf-9c6446c961a2.html,4883,1743,cdff408e
atlas_a8_architecture_gate_v0_1.zip,atlas_a8_architecture_gate_v0_1/site/entity/01a01016-ea4d-7c4a-b0b1-e7693fee1c95.html,9012,2190,829b16d6
atlas_a8_architecture_gate_v0_1.zip,atlas_a8_architecture_gate_v0_1/site/entity/01a01016-ea4d-7cd5-8a06-6def3265e1cf.html,14629,2296,ebbba896
atlas_a8_architecture_gate_v0_1.zip,atlas_a8_architecture_gate_v0_1/site/entity/01a010d9-28cb-7715-8545-b3263b0717e1.html,4302,1505,aba9e88e
atlas_a8_architecture_gate_v0_1.zip,atlas_a8_architecture_gate_v0_1/site/entity/01a01016-ea4d-7b71-98b3-3f71f2a0da5b.html,10723,2485,2ec8eb60
atlas_a8_architecture_gate_v0_1.zip,atlas_a8_architecture_gate_v0_1/site/entity/01a01030-3319-72c0-a8e6-9c052acffa64.html,4561,1506,9de4ab0b
atlas_a8_architecture_gate_v0_1.zip,atlas_a8_architecture_gate_v0_1/site/entity/01a010d9-28c4-7348-b3c2-bb473308aff8.html,4002,1495,fbc4666a
atlas_a8_architecture_gate_v0_1.zip,atlas_a8_architecture_gate_v0_1/site/entity/01a01031-ec56-7c19-9de6-f43ac5fe3a8d.html,4171,1584,e7edb882
atlas_a8_architecture_gate_v0_1.zip,atlas_a8_architecture_gate_v0_1/site/entity/01a01028-5444-767e-bd0e-dc4ce10424e9.html,5809,1644,51c6ae17
atlas_a8_architecture_gate_v0_1.zip,atlas_a8_architecture_gate_v0_1/site/entity/01a01028-5452-7b30-9a49-a2e7cdb66dfc.html,6195,1611,8fe40203
atlas_a8_architecture_gate_v0_1.zip,atlas_a8_architecture_gate_v0_1/site/entity/01a01030-3318-7912-814c-3a5af45b146a.html,4561,1526,4ed1e444
atlas_a8_architecture_gate_v0_1.zip,atlas_a8_architecture_gate_v0_1/site/entity/01a0102a-57e7-77ac-b6ce-704e2c782f37.html,4807,1601,6a035d6e
atlas_a8_architecture_gate_v0_1.zip,atlas_a8_architecture_gate_v0_1/site/entity/01a01016-ea4d-70f5-abd4-1548510b564e.html,4456,1501,b9dee2c1
atlas_a8_architecture_gate_v0_1.zip,atlas_a8_architecture_gate_v0_1/site/entity/01a010d9-28c6-7f67-9680-fa5b0538e25c.html,3966,1393,e41c8e04
atlas_a8_architecture_gate_v0_1.zip,atlas_a8_architecture_gate_v0_1/site/entity/01a01016-ea4e-7045-8f22-9c6c06ba34d5.html,4453,1619,dfd62253
atlas_a8_architecture_gate_v0_1.zip,atlas_a8_architecture_gate_v0_1/site/entity/01a01016-ea4d-70ad-9d98-ec4638835a98.html,3866,1481,b342812e
atlas_a8_architecture_gate_v0_1.zip,atlas_a8_architecture_gate_v0_1/site/entity/01a010d9-28c4-7947-bc7e-9a43358ea4dd.html,4898,1477,68c46e63
atlas_a8_architecture_gate_v0_1.zip,atlas_a8_architecture_gate_v0_1/site/entity/01a010d9-28c9-7b6c-8bb4-9c740cab8581.html,4599,1535,579b584f
atlas_a8_architecture_gate_v0_1.zip,atlas_a8_architecture_gate_v0_1/site/entity/01a0102f-074b-7bb8-9b81-46a0f6b6a58c.html,5023,1655,86aea14e
atlas_a8_architecture_gate_v0_1.zip,atlas_a8_architecture_gate_v0_1/site/entity/01a010d9-28cb-7ee2-a6bd-a7079773382e.html,4460,1650,13b442e8
atlas_a8_architecture_gate_v0_1.zip,atlas_a8_architecture_gate_v0_1/site/entity/01a01016-ea4e-77a7-8575-557f6ab94b97.html,8010,2301,341ad2da
atlas_a8_architecture_gate_v0_1.zip,atlas_a8_architecture_gate_v0_1/site/entity/01a01016-ea4c-76b8-b2a8-c85cdee6e70e.html,9510,2195,8c5db161
atlas_a8_architecture_gate_v0_1.zip,atlas_a8_architecture_gate_v0_1/site/entity/01a010d9-28c9-72dd-ab9d-8d2433e4c51c.html,6383,1637,a573d292
atlas_a8_architecture_gate_v0_1.zip,atlas_a8_architecture_gate_v0_1/site/entity/01a01016-ea4c-74f0-8887-33a43af93e29.html,3398,1341,e3aa13d4
atlas_a8_architecture_gate_v0_1.zip,atlas_a8_architecture_gate_v0_1/site/entity/01a01016-ea4d-7fbf-b468-0d9691ea1228.html,6576,1831,e8afa9db
atlas_a8_architecture_gate_v0_1.zip,atlas_a8_architecture_gate_v0_1/site/entity/01a0102f-074b-7740-9aa1-ee7c22b775e7.html,3778,1435,17403321
atlas_a8_architecture_gate_v0_1.zip,atlas_a8_architecture_gate_v0_1/site/entity/01a010d9-28ca-723d-95f4-7d88f672a032.html,3822,1414,5f0d7f8d
atlas_a8_architecture_gate_v0_1.zip,atlas_a8_architecture_gate_v0_1/site/entity/01a01016-ea4d-7114-9e02-1fc5bf40b16e.html,5404,1594,04ad3c84
atlas_a8_architecture_gate_v0_1.zip,atlas_a8_architecture_gate_v0_1/site/entity/01a01016-ea4d-77a9-bf4a-7e2202142dba.html,5658,1721,2fbc6542
atlas_a8_architecture_gate_v0_1.zip,atlas_a8_architecture_gate_v0_1/site/entity/01a01028-544c-7456-8810-cee79666e012.html,3696,1364,67c0cb19
atlas_a8_architecture_gate_v0_1.zip,atlas_a8_architecture_gate_v0_1/site/entity/01a01016-ea4d-7c22-8815-1ff28c101b01.html,8568,2088,c22ca0ff
atlas_a8_architecture_gate_v0_1.zip,atlas_a8_architecture_gate_v0_1/site/entity/01a01031-ec53-7a29-adea-f86a2b759acf.html,6628,1849,88be6f76
atlas_a8_architecture_gate_v0_1.zip,atlas_a8_architecture_gate_v0_1/site/entity/01a010d9-28c8-792d-b8fe-833e1d239900.html,4100,1498,1bc13e32
atlas_a8_architecture_gate_v0_1.zip,atlas_a8_architecture_gate_v0_1/site/entity/01a010d9-28c3-79a7-b864-a634aeb7f8d6.html,5729,1605,7c9974fd
atlas_a8_architecture_gate_v0_1.zip,atlas_a8_architecture_gate_v0_1/site/entity/01a01028-5449-7808-87d4-062248b63f01.html,4606,1530,0bd04973
atlas_a8_architecture_gate_v0_1.zip,atlas_a8_architecture_gate_v0_1/site/entity/01a01016-ea4d-748e-b4e3-a3da0660676a.html,6292,1907,f07164a3
atlas_a8_architecture_gate_v0_1.zip,atlas_a8_architecture_gate_v0_1/site/entity/01a01028-5452-7d2d-8df1-441ee5876d0f.html,3936,1482,befd896f
atlas_a8_architecture_gate_v0_1.zip,atlas_a8_architecture_gate_v0_1/site/entity/01a010d9-28c6-73a0-ae55-f5e91aea4fe6.html,3704,1459,6040741c
atlas_a8_architecture_gate_v0_1.zip,atlas_a8_architecture_gate_v0_1/site/entity/01a010d9-28c6-72db-9da6-6b38a676cf71.html,7221,1722,8f9eab56
atlas_a8_architecture_gate_v0_1.zip,atlas_a8_architecture_gate_v0_1/site/entity/01a01028-544e-748a-8c0a-0f953a9b9807.html,4478,1524,71dcf507
atlas_a8_architecture_gate_v0_1.zip,atlas_a8_architecture_gate_v0_1/site/entity/01a01016-ea4d-7042-b42b-c2bb234aaefa.html,9697,2270,7df243e7
atlas_a8_architecture_gate_v0_1.zip,atlas_a8_architecture_gate_v0_1/site/entity/01a0102a-57e9-738a-9585-6df3a0b26b99.html,6507,1955,9ef43ac6
atlas_a8_architecture_gate_v0_1.zip,atlas_a8_architecture_gate_v0_1/site/entity/01a010d9-28c9-7069-9c98-19edda9a5a53.html,4615,1536,4c28471e
atlas_a8_architecture_gate_v0_1.zip,atlas_a8_architecture_gate_v0_1/site/entity/01a0102f-074f-7c84-ab96-be3c346436ac.html,6211,1892,46d83b18
atlas_a8_architecture_gate_v0_1.zip,atlas_a8_architecture_gate_v0_1/site/entity/01a010d9-28c6-75ce-9e74-78e287675339.html,4442,1574,1454f4d5
atlas_a8_architecture_gate_v0_1.zip,atlas_a8_architecture_gate_v0_1/site/entity/01a01016-ea4c-73c4-80b1-7c2c2bfd6a62.html,4931,1652,b0b85eff
atlas_a8_architecture_gate_v0_1.zip,atlas_a8_architecture_gate_v0_1/site/entity/01a01028-5452-7bc8-9013-247b98fe75fb.html,4688,1572,e7ce5cd0
atlas_a8_architecture_gate_v0_1.zip,atlas_a8_architecture_gate_v0_1/site/entity/01a01028-5444-73c4-a762-1ea7589ef679.html,3996,1490,a3d68b1c
atlas_a8_architecture_gate_v0_1.zip,atlas_a8_architecture_gate_v0_1/site/entity/01a010d9-28cb-7d4c-96c5-b09c069b748e.html,8560,1898,ea42e2d4
atlas_a8_architecture_gate_v0_1.zip,atlas_a8_architecture_gate_v0_1/site/entity/01a01016-ea4e-70a2-8fb1-324442f3855e.html,5369,1687,48513fc3
atlas_a8_architecture_gate_v0_1.zip,atlas_a8_architecture_gate_v0_1/site/entity/01a01016-ea4d-7a99-8e89-0604ea365719.html,6416,1709,97ae0702
atlas_a8_architecture_gate_v0_1.zip,atlas_a8_architecture_gate_v0_1/site/entity/01a0102a-57ed-717d-b19b-5f8c51729303.html,6628,1899,c108019c
atlas_a8_architecture_gate_v0_1.zip,atlas_a8_architecture_gate_v0_1/site/entity/01a01016-ea4d-7410-b64b-d3ecd10b22b1.html,5627,1772,8269444a
atlas_a8_architecture_gate_v0_1.zip,atlas_a8_architecture_gate_v0_1/site/entity/01a01016-ea4e-7d0d-b9a8-bc64b11f5aac.html,4443,1619,10b1f392
atlas_a8_architecture_gate_v0_1.zip,atlas_a8_architecture_gate_v0_1/site/entity/01a01016-ea4e-7244-a75a-690d8a4f8edf.html,8441,2069,7f86d6ec
atlas_a8_architecture_gate_v0_1.zip,atlas_a8_architecture_gate_v0_1/site/entity/01a0102f-074a-73ea-9009-a834a038c629.html,4974,1653,c6b3626b
atlas_a8_architecture_gate_v0_1.zip,atlas_a8_architecture_gate_v0_1/site/entity/01a0102f-074a-733e-8d7d-fb323f015fc4.html,5714,1789,9257df2e
atlas_a8_architecture_gate_v0_1.zip,atlas_a8_architecture_gate_v0_1/site/entity/01a010d9-28ca-7885-8844-a96f2565ea43.html,3878,1413,1e40a505
atlas_a8_architecture_gate_v0_1.zip,atlas_a8_architecture_gate_v0_1/site/entity/01a010d9-28ca-7762-8d30-af4b0193d715.html,4085,1435,b4dc136e
atlas_a8_architecture_gate_v0_1.zip,atlas_a8_architecture_gate_v0_1/site/entity/01a010d9-28c2-7267-a8d7-a33f486f0be7.html,6142,1608,defe304f
atlas_a8_architecture_gate_v0_1.zip,atlas_a8_architecture_gate_v0_1/site/entity/01a01028-5456-7f9c-85af-11527d6d2a2e.html,3662,1392,c65b7c01
atlas_a8_architecture_gate_v0_1.zip,atlas_a8_architecture_gate_v0_1/site/entity/01a01016-ea4d-74d7-9fc9-11e5b37d07f1.html,12637,2673,2cabb024
atlas_a8_architecture_gate_v0_1.zip,atlas_a8_architecture_gate_v0_1/site/entity/01a010d9-28c9-7c13-b167-dcc3eb8c2f4f.html,4051,1478,ac8398e3
atlas_a8_architecture_gate_v0_1.zip,atlas_a8_architecture_gate_v0_1/site/entity/01a010d9-28c8-751e-b615-0292e3a83001.html,4510,1547,7c6f92b9
atlas_a8_architecture_gate_v0_1.zip,atlas_a8_architecture_gate_v0_1/site/entity/01a010d9-28ca-7fef-a797-10374d330ad8.html,5166,1488,3e5c9b88
atlas_a8_architecture_gate_v0_1.zip,atlas_a8_architecture_gate_v0_1/site/entity/01a010d9-28c3-7d42-8ff9-f555d77e38e9.html,5731,1849,a7676845
atlas_a8_architecture_gate_v0_1.zip,atlas_a8_architecture_gate_v0_1/site/entity/01a01030-3316-7b5e-9acc-d40b8e0d4536.html,6819,1930,2a3f58c6
atlas_a8_architecture_gate_v0_1.zip,atlas_a8_architecture_gate_v0_1/site/entity/01a01028-544f-762b-99d2-dfb915467c7a.html,6289,1681,cf4b73f1
atlas_a8_architecture_gate_v0_1.zip,atlas_a8_architecture_gate_v0_1/site/entity/01a0102f-074c-7a67-9c8b-e54c3af74bc9.html,3784,1438,c8fd7a39
atlas_a8_architecture_gate_v0_1.zip,atlas_a8_architecture_gate_v0_1/site/entity/01a0102a-57ed-71a8-830b-ba54758fe885.html,3571,1367,16d97d0d
atlas_a8_architecture_gate_v0_1.zip,atlas_a8_architecture_gate_v0_1/site/entity/01a01028-5456-74cd-8e02-ff30dece0237.html,7998,1932,c2d0a440
atlas_a8_architecture_gate_v0_1.zip,atlas_a8_architecture_gate_v0_1/site/entity/01a01028-5459-7036-9053-993a1a29b824.html,5618,1621,22395e1f
atlas_a8_architecture_gate_v0_1.zip,atlas_a8_architecture_gate_v0_1/site/entity/01a0102a-57e7-7769-9156-f74a67742b6a.html,7550,1879,6f49a64d
atlas_a8_architecture_gate_v0_1.zip,atlas_a8_architecture_gate_v0_1/site/entity/01a010d9-28c5-7418-9ce7-bccab4df9cea.html,5045,1614,88434a40
atlas_a8_architecture_gate_v0_1.zip,atlas_a8_architecture_gate_v0_1/site/entity/01a01030-3317-71e8-b47b-d6d71c9de497.html,4615,1571,04873bc8
atlas_a8_architecture_gate_v0_1.zip,atlas_a8_architecture_gate_v0_1/site/entity/01a0102a-57e5-7955-a9a2-653c1376cea8.html,5236,1775,178697d0
atlas_a8_architecture_gate_v0_1.zip,atlas_a8_architecture_gate_v0_1/site/entity/01a01028-5447-722b-9de2-da7e0db03af9.html,4878,1514,a2fcce36
atlas_a8_architecture_gate_v0_1.zip,atlas_a8_architecture_gate_v0_1/site/entity/01a0102f-074e-7ca9-9d51-b87fc24362c7.html,3595,1370,c0609ac9
atlas_a8_architecture_gate_v0_1.zip,atlas_a8_architecture_gate_v0_1/site/entity/01a01028-5459-7ef2-af1e-84a6202bba0a.html,6826,1676,355932f5
atlas_a8_architecture_gate_v0_1.zip,atlas_a8_architecture_gate_v0_1/site/entity/01a01031-ec56-74ed-85cd-19f117781c2c.html,4170,1527,7e28b7d8
atlas_a8_architecture_gate_v0_1.zip,atlas_a8_architecture_gate_v0_1/site/entity/01a010d9-28c9-74c5-9eff-79795673f004.html,4863,1420,d0df31c9
atlas_a8_architecture_gate_v0_1.zip,atlas_a8_architecture_gate_v0_1/site/entity/01a0102a-57e8-7360-acde-fe04b5a915bd.html,6947,2001,60aede8e
atlas_a8_architecture_gate_v0_1.zip,atlas_a8_architecture_gate_v0_1/site/entity/01a010d9-28c2-7260-aa5e-65428e9cc6f8.html,4680,1571,19f56fd3
atlas_a8_architecture_gate_v0_1.zip,atlas_a8_architecture_gate_v0_1/site/entity/01a010d9-28c5-76b6-80f4-1fb4fb1322a7.html,3917,1388,bbb3a483
atlas_a8_architecture_gate_v0_1.zip,atlas_a8_architecture_gate_v0_1/site/entity/01a010d9-28c4-766e-a135-aaa1e07de128.html,3553,1339,7837d70c
atlas_a8_architecture_gate_v0_1.zip,atlas_a8_architecture_gate_v0_1/site/entity/01a01031-ec5a-75dd-9ed8-1bac069aaf14.html,5863,1738,afc281e9
atlas_a8_architecture_gate_v0_1.zip,atlas_a8_architecture_gate_v0_1/site/entity/01a01028-5456-7f92-afb3-3e6cd57783fd.html,4152,1447,950b175c
atlas_a8_architecture_gate_v0_1.zip,atlas_a8_architecture_gate_v0_1/site/entity/01a01030-3316-7ce0-8ad2-168f6bfb1f42.html,8383,2113,705f6901
atlas_a8_architecture_gate_v0_1.zip,atlas_a8_architecture_gate_v0_1/site/entity/01a01030-3319-775b-ac75-eef980d091b6.html,5193,1523,fa45b6ca
atlas_a8_architecture_gate_v0_1.zip,atlas_a8_architecture_gate_v0_1/site/entity/01a0102a-57e9-7e89-b032-eab940132035.html,4602,1528,175cea5e
atlas_a8_architecture_gate_v0_1.zip,atlas_a8_architecture_gate_v0_1/site/entity/01a01031-ec5a-7b84-a0a9-8961713832b6.html,5300,1643,e988fecc
atlas_a8_architecture_gate_v0_1.zip,atlas_a8_architecture_gate_v0_1/site/entity/01a01016-ea4d-78ba-ae38-39f89229e5ee.html,5114,1653,daa9b27c
atlas_a8_architecture_gate_v0_1.zip,atlas_a8_architecture_gate_v0_1/site/entity/01a01031-ec54-7765-8676-dfba2591b206.html,3697,1391,0012fb4f
atlas_a8_architecture_gate_v0_1.zip,atlas_a8_architecture_gate_v0_1/site/entity/01a01031-ec58-7735-af62-ffc520fbf15f.html,4000,1448,f01b09f4
atlas_a8_architecture_gate_v0_1.zip,atlas_a8_architecture_gate_v0_1/site/entity/01a01016-ea4d-7446-b2ab-4135117dd02a.html,3981,1456,8f21a0d5
atlas_a8_architecture_gate_v0_1.zip,atlas_a8_architecture_gate_v0_1/site/entity/01a010d9-28c8-7dcd-9a43-ab8b3d433b5e.html,4057,1541,d0b99e3e
atlas_a8_architecture_gate_v0_1.zip,atlas_a8_architecture_gate_v0_1/site/entity/01a0102a-57e9-79e4-82b2-6aa9183b80e1.html,4457,1557,de21de82
atlas_a8_architecture_gate_v0_1.zip,atlas_a8_architecture_gate_v0_1/site/entity/01a01016-ea4e-7f61-a75b-aff9632d7d7a.html,10230,2661,9ba07f5f
atlas_a8_architecture_gate_v0_1.zip,atlas_a8_architecture_gate_v0_1/site/entity/01a010d9-28cb-7795-9ec4-8c41e9b968eb.html,3822,1455,f58e5d80
atlas_a8_architecture_gate_v0_1.zip,atlas_a8_architecture_gate_v0_1/site/entity/01a01028-5450-79e3-82d0-aba64a7021ec.html,4479,1530,76f3addb
atlas_a8_architecture_gate_v0_1.zip,atlas_a8_architecture_gate_v0_1/site/entity/01a01016-ea4d-708d-b9ce-df3a19390ecb.html,5011,1529,119e9f22
atlas_a8_architecture_gate_v0_1.zip,atlas_a8_architecture_gate_v0_1/site/entity/01a01028-5441-7c65-aa68-269559994d5f.html,5090,1520,7f016779
atlas_a8_architecture_gate_v0_1.zip,atlas_a8_architecture_gate_v0_1/site/entity/01a0102a-57ea-763a-bea0-28163288f550.html,5095,1636,afd30589
atlas_a8_architecture_gate_v0_1.zip,atlas_a8_architecture_gate_v0_1/site/entity/01a01030-3317-7466-80ec-39222e8361c6.html,4663,1570,bbda087e
atlas_a8_architecture_gate_v0_1.zip,atlas_a8_architecture_gate_v0_1/site/entity/01a01028-5456-78cb-a178-89ff7fee02ed.html,3813,1382,1d711217
atlas_a8_architecture_gate_v0_1.zip,atlas_a8_architecture_gate_v0_1/site/entity/01a01028-5455-7c9f-a100-a8389869e7f0.html,4252,1455,d911167b
atlas_a8_architecture_gate_v0_1.zip,atlas_a8_architecture_gate_v0_1/site/entity/01a01030-3313-7bef-8e4d-63573101fdc7.html,6254,1841,676da6cb
atlas_a8_architecture_gate_v0_1.zip,atlas_a8_architecture_gate_v0_1/site/entity/01a01016-ea4d-71fc-b653-216f90f54ef0.html,3574,1384,f0164198
atlas_a8_architecture_gate_v0_1.zip,atlas_a8_architecture_gate_v0_1/site/entity/01a01031-ec55-739b-abf7-ba1888203e8d.html,4109,1465,3668365e
atlas_a8_architecture_gate_v0_1.zip,atlas_a8_architecture_gate_v0_1/site/entity/01a01028-5453-7900-8694-2766fd617abc.html,7495,1799,0351239d
atlas_a8_architecture_gate_v0_1.zip,atlas_a8_architecture_gate_v0_1/site/entity/01a01031-ec55-70a4-8dae-dee294f5e1f7.html,7479,1664,155ac363
atlas_a8_architecture_gate_v0_1.zip,atlas_a8_architecture_gate_v0_1/site/entity/01a0102a-57ec-76b4-9b5e-c8a4af464dc8.html,4076,1357,751530ae
atlas_a8_architecture_gate_v0_1.zip,atlas_a8_architecture_gate_v0_1/site/entity/01a01031-ec58-760c-b035-fed66d3ca49e.html,4002,1451,c22c2fc6
atlas_a8_architecture_gate_v0_1.zip,atlas_a8_architecture_gate_v0_1/site/entity/01a01016-ea4d-7e57-8ffc-fe0303c7d19b.html,5857,1746,aebe83d5
atlas_a8_architecture_gate_v0_1.zip,atlas_a8_architecture_gate_v0_1/site/entity/01a01028-5456-75fc-a071-4aa5efb7f81b.html,5065,1642,c4edeaf4
atlas_a8_architecture_gate_v0_1.zip,atlas_a8_architecture_gate_v0_1/site/entity/01a01028-544e-71eb-a964-e77800f731b9.html,3939,1370,57054e1a
atlas_a8_architecture_gate_v0_1.zip,atlas_a8_architecture_gate_v0_1/site/entity/01a01016-ea4d-7622-a20f-c161ae49ef00.html,4821,1503,41c96672
atlas_a8_architecture_gate_v0_1.zip,atlas_a8_architecture_gate_v0_1/site/entity/01a01028-5452-7984-a677-cae2588541ef.html,4522,1539,7f20a6f3
atlas_a8_architecture_gate_v0_1.zip,atlas_a8_architecture_gate_v0_1/site/entity/01a01030-3313-7ab6-a2bf-5bfd6daf2faf.html,6263,1678,3cd36154
atlas_a8_architecture_gate_v0_1.zip,atlas_a8_architecture_gate_v0_1/site/entity/01a010d9-28c7-7795-8744-5df38a9200b5.html,4459,1503,25c12719
atlas_a8_architecture_gate_v0_1.zip,atlas_a8_architecture_gate_v0_1/site/entity/01a0102a-57e8-7ff1-a03b-ac7a70aa8c5e.html,8015,1902,e696f248
atlas_a8_architecture_gate_v0_1.zip,atlas_a8_architecture_gate_v0_1/site/entity/01a0102a-57e6-7bae-9eec-9b525b9dea1b.html,4457,1521,522551ea
atlas_a8_architecture_gate_v0_1.zip,atlas_a8_architecture_gate_v0_1/site/entity/01a0102a-57e7-7ba3-b726-4bd89283a10f.html,4237,1569,7524d1e7
atlas_a8_architecture_gate_v0_1.zip,atlas_a8_architecture_gate_v0_1/site/entity/01a0102f-074c-72c4-827a-194d2afb76c7.html,5349,1625,11b7ae81
atlas_a8_architecture_gate_v0_1.zip,atlas_a8_architecture_gate_v0_1/site/entity/01a01028-5445-7ceb-aede-a61a3f0b1795.html,3384,1327,e56b15bc
atlas_a8_architecture_gate_v0_1.zip,atlas_a8_architecture_gate_v0_1/site/entity/01a0102f-074e-73a3-b195-049f57ee5d71.html,3552,1338,54e0548b
atlas_a8_architecture_gate_v0_1.zip,atlas_a8_architecture_gate_v0_1/site/entity/01a01016-ea4d-7b7b-84d8-84f93bffa1fc.html,9012,2199,8030d7cb
atlas_a8_architecture_gate_v0_1.zip,atlas_a8_architecture_gate_v0_1/site/entity/01a01016-ea4d-75cb-84ea-b42b494fd567.html,10973,2358,0c0384c9
atlas_a8_architecture_gate_v0_1.zip,atlas_a8_architecture_gate_v0_1/site/entity/01a01031-ec59-7956-a6ef-874452cda59f.html,5927,1740,baf2213c
atlas_a8_architecture_gate_v0_1.zip,atlas_a8_architecture_gate_v0_1/site/entity/01a010d9-28c7-7ff6-9baf-6498ee4b32ab.html,4275,1523,5dcdff2c
atlas_a8_architecture_gate_v0_1.zip,atlas_a8_architecture_gate_v0_1/site/entity/01a0102a-57e7-7f2b-bebc-fd556c26e81f.html,5584,1866,3bd7a4cd
atlas_a8_architecture_gate_v0_1.zip,atlas_a8_architecture_gate_v0_1/site/entity/01a010d9-28c6-75ed-94ae-4f2acbcfb018.html,4957,1509,338c56d8
atlas_a8_architecture_gate_v0_1.zip,atlas_a8_architecture_gate_v0_1/site/entity/01a0102a-57e6-7bf9-bfc6-18f4a1d390bc.html,6079,1724,d1fa7312
atlas_a8_architecture_gate_v0_1.zip,atlas_a8_architecture_gate_v0_1/site/entity/01a01016-ea4d-727c-ace2-5a5844c0c932.html,5318,1716,63797483
atlas_a8_architecture_gate_v0_1.zip,atlas_a8_architecture_gate_v0_1/site/entity/01a010d9-28c8-762a-9025-da1a0c171c24.html,6534,1694,7dfa1465
atlas_a8_architecture_gate_v0_1.zip,atlas_a8_architecture_gate_v0_1/site/entity/01a01028-5449-7479-8d82-4307e8493853.html,4596,1538,e2ff22aa
atlas_a8_architecture_gate_v0_1.zip,atlas_a8_architecture_gate_v0_1/site/entity/01a0102f-074f-729a-b698-c08eaeb57ca1.html,8241,1991,a2a29105
atlas_a8_architecture_gate_v0_1.zip,atlas_a8_architecture_gate_v0_1/site/entity/01a01028-5452-7987-a6b5-8af393863053.html,4025,1485,254d7370
atlas_a8_architecture_gate_v0_1.zip,atlas_a8_architecture_gate_v0_1/site/entity/01a01028-5459-777e-82ab-eb9ea64c3743.html,5555,1603,a650ed8d
atlas_a8_architecture_gate_v0_1.zip,atlas_a8_architecture_gate_v0_1/site/entity/01a01031-ec56-7459-925c-fc864c0e340e.html,9013,1954,493291e8
atlas_a8_architecture_gate_v0_1.zip,atlas_a8_architecture_gate_v0_1/site/entity/01a01028-5447-7f06-a1d0-479c12a86e2c.html,4374,1441,bc3ff41f
atlas_a8_architecture_gate_v0_1.zip,atlas_a8_architecture_gate_v0_1/site/entity/01a01028-5449-72d1-948c-ce73403c8ed5.html,4146,1484,945b16b4
atlas_a8_architecture_gate_v0_1.zip,atlas_a8_architecture_gate_v0_1/site/entity/01a01028-5455-79eb-bb6a-6af32b686684.html,5322,1617,2602ba8f
atlas_a8_architecture_gate_v0_1.zip,atlas_a8_architecture_gate_v0_1/site/entity/01a0102a-57eb-76a1-8320-8062f4f812e3.html,4981,1554,a734ea75
atlas_a8_architecture_gate_v0_1.zip,atlas_a8_architecture_gate_v0_1/site/entity/01a01028-544e-7aca-8c56-74c80e705fcd.html,6573,1789,6d81cf18
atlas_a8_architecture_gate_v0_1.zip,atlas_a8_architecture_gate_v0_1/site/entity/01a01028-5445-7da6-8ca5-3dc96e589613.html,4192,1451,2a3e37f9
atlas_a8_architecture_gate_v0_1.zip,atlas_a8_architecture_gate_v0_1/site/entity/01a010d9-28c7-762c-8984-66fc4f1232b8.html,4814,1601,710a0478
atlas_a8_architecture_gate_v0_1.zip,atlas_a8_architecture_gate_v0_1/site/entity/01a01016-ea4e-7d21-a0c1-407b6fcdf8c0.html,6322,1753,8fd71cbb
atlas_a8_architecture_gate_v0_1.zip,atlas_a8_architecture_gate_v0_1/site/entity/01a0102f-074d-7152-b66e-6308e7fe61fb.html,5000,1603,4ef099fa
atlas_a8_architecture_gate_v0_1.zip,atlas_a8_architecture_gate_v0_1/site/entity/01a01028-5449-7d1a-a2aa-69ac92faa9da.html,4083,1405,ee83d415
atlas_a8_architecture_gate_v0_1.zip,atlas_a8_architecture_gate_v0_1/site/entity/01a0102a-57eb-7517-bd03-02951e02850f.html,3939,1465,023fa0b2
atlas_a8_architecture_gate_v0_1.zip,atlas_a8_architecture_gate_v0_1/site/entity/01a01028-5449-70ed-8c33-269beafc87b0.html,4153,1491,3dd1455d
atlas_a8_architecture_gate_v0_1.zip,atlas_a8_architecture_gate_v0_1/site/entity/01a0102f-074c-788b-98f2-f41343dfe75e.html,5198,1509,1551d6fd
atlas_a8_architecture_gate_v0_1.zip,atlas_a8_architecture_gate_v0_1/site/entity/01a01031-ec56-7744-84ad-c3ec0ae27c75.html,4029,1495,4c6fb82c
atlas_a8_architecture_gate_v0_1.zip,atlas_a8_architecture_gate_v0_1/site/entity/01a01028-5456-76da-8982-4905ccbf0b30.html,5376,1605,8045005a
atlas_a8_architecture_gate_v0_1.zip,atlas_a8_architecture_gate_v0_1/site/entity/01a01030-3319-7573-953d-cb542fc356d1.html,5318,1638,b93673ac
atlas_a8_architecture_gate_v0_1.zip,atlas_a8_architecture_gate_v0_1/site/entity/01a01016-ea4e-732f-9b07-f12a0bff187a.html,4522,1509,e2738639
atlas_a8_architecture_gate_v0_1.zip,atlas_a8_architecture_gate_v0_1/site/entity/01a01016-ea4d-7b60-be4e-3a92caa480ea.html,6313,1909,6f02a505
atlas_a8_architecture_gate_v0_1.zip,atlas_a8_architecture_gate_v0_1/site/entity/01a01030-3317-75b0-aa2d-710bef88eb99.html,4832,1621,6f297e9f
atlas_a8_architecture_gate_v0_1.zip,atlas_a8_architecture_gate_v0_1/site/entity/01a0102a-57eb-787f-8bbe-5986cf1233f6.html,3897,1388,2e5d39b3
atlas_a8_architecture_gate_v0_1.zip,atlas_a8_architecture_gate_v0_1/site/entity/01a01028-5441-7fa0-bb13-31fad66d99f1.html,5535,1559,d806a75a
atlas_a8_architecture_gate_v0_1.zip,atlas_a8_architecture_gate_v0_1/site/entity/01a01028-544f-7ebd-9fb6-4f53af4e1697.html,4203,1509,1f5f21f3
atlas_a8_architecture_gate_v0_1.zip,atlas_a8_architecture_gate_v0_1/site/entity/01a01016-ea4d-7d20-929c-5ce568072960.html,4495,1595,635e7609
atlas_a8_architecture_gate_v0_1.zip,atlas_a8_architecture_gate_v0_1/site/entity/01a01028-544c-7e05-b6bb-188cdcea4bad.html,3622,1355,cb9f28cd
atlas_a8_architecture_gate_v0_1.zip,atlas_a8_architecture_gate_v0_1/site/entity/01a010d9-28c8-7577-b58f-58d91d754e32.html,4386,1578,9bd7b4d0
atlas_a8_architecture_gate_v0_1.zip,atlas_a8_architecture_gate_v0_1/site/entity/01a01028-5449-7940-8ce8-a3b8e0e47cf1.html,5182,1611,7e47a71c
atlas_a8_architecture_gate_v0_1.zip,atlas_a8_architecture_gate_v0_1/site/entity/01a010d9-28c4-716e-bc50-0fb0399bf53b.html,4337,1454,9cf49388
atlas_a8_architecture_gate_v0_1.zip,atlas_a8_architecture_gate_v0_1/site/entity/01a0102f-074a-78b2-97ba-8e8b1ea48500.html,3841,1470,ae453455
atlas_a8_architecture_gate_v0_1.zip,atlas_a8_architecture_gate_v0_1/site/entity/01a01016-ea4e-7aa6-862f-899f0079b924.html,6475,1858,7dbbc172
atlas_a8_architecture_gate_v0_1.zip,atlas_a8_architecture_gate_v0_1/site/entity/01a0102f-074e-745f-bc7b-ac0ea2e96217.html,6555,1853,3efa5131
atlas_a8_architecture_gate_v0_1.zip,atlas_a8_architecture_gate_v0_1/site/entity/01a0102f-074f-7859-a499-2311c8b7d2c5.html,5038,1529,b824b52d
atlas_a8_architecture_gate_v0_1.zip,atlas_a8_architecture_gate_v0_1/site/entity/01a0102a-57e8-7b53-b434-2f603c11af78.html,4449,1582,ba46e697
atlas_a8_architecture_gate_v0_1.zip,atlas_a8_architecture_gate_v0_1/site/entity/01a0102a-57e9-7441-bb9a-c86641e862e7.html,4552,1563,f648d2de
atlas_a8_architecture_gate_v0_1.zip,atlas_a8_architecture_gate_v0_1/site/entity/01a01028-5444-7ade-bc01-ef027c0d3f2c.html,4049,1491,f20aa65d
atlas_a8_architecture_gate_v0_1.zip,atlas_a8_architecture_gate_v0_1/site/entity/01a01016-ea4c-73c1-87d0-37223d1c1ffb.html,4603,1663,2f061f53
atlas_a8_architecture_gate_v0_1.zip,atlas_a8_architecture_gate_v0_1/site/entity/01a01028-5453-77d0-ae4a-31d3a0c24695.html,4675,1690,6a31504c
atlas_a8_architecture_gate_v0_1.zip,atlas_a8_architecture_gate_v0_1/site/entity/01a0102a-57ec-75f6-9e5f-339e8aeb29d7.html,6135,1684,34b43d6b
atlas_a8_architecture_gate_v0_1.zip,atlas_a8_architecture_gate_v0_1/site/entity/01a01028-5445-76f0-8779-1b2aa753b133.html,4496,1527,6a934957
atlas_a8_architecture_gate_v0_1.zip,atlas_a8_architecture_gate_v0_1/site/entity/01a0102f-0747-7a71-9a36-e9d11203f50a.html,5584,1694,8df4e112
atlas_a8_architecture_gate_v0_1.zip,atlas_a8_architecture_gate_v0_1/site/entity/01a01028-5459-7dd9-a0d5-a9cd1065d870.html,6833,1678,03b43fd4
atlas_a8_architecture_gate_v0_1.zip,atlas_a8_architecture_gate_v0_1/site/entity/01a01028-5444-7f62-bbcf-a10791b92238.html,4028,1521,0f630324
atlas_a8_architecture_gate_v0_1.zip,atlas_a8_architecture_gate_v0_1/site/entity/01a0102a-57eb-7f81-be5a-18878a709544.html,3998,1488,a0289e96
atlas_a8_architecture_gate_v0_1.zip,atlas_a8_architecture_gate_v0_1/site/entity/01a01030-3313-763f-beca-e385e745c472.html,4264,1466,ce5e7f84
atlas_a8_architecture_gate_v0_1.zip,atlas_a8_architecture_gate_v0_1/site/entity/01a01016-ea4c-72fc-b996-84522239a439.html,4944,1645,4cde4b6c
atlas_a8_architecture_gate_v0_1.zip,atlas_a8_architecture_gate_v0_1/site/entity/01a010d9-28c2-711d-883d-3c016ff12075.html,4155,1518,48168526
atlas_a8_architecture_gate_v0_1.zip,atlas_a8_architecture_gate_v0_1/site/entity/01a010d9-28cb-74f3-9cde-81ffc05409b6.html,4808,1764,5af0b212
atlas_a8_architecture_gate_v0_1.zip,atlas_a8_architecture_gate_v0_1/site/entity/01a01016-ea4e-7868-a606-c18990d151ef.html,6300,1761,a26eaaab
atlas_a8_architecture_gate_v0_1.zip,atlas_a8_architecture_gate_v0_1/site/entity/01a0102a-57eb-74e0-834c-290622168a7c.html,3890,1369,a0ed0b0e
atlas_a8_architecture_gate_v0_1.zip,atlas_a8_architecture_gate_v0_1/site/entity/01a01016-ea4d-7e54-87cd-e2040c1786e7.html,7501,2083,4ff00d7f
atlas_a8_architecture_gate_v0_1.zip,atlas_a8_architecture_gate_v0_1/site/entity/01a01016-ea4d-7265-a55b-b35bdeb3909f.html,11756,2373,eed5b312
atlas_a8_architecture_gate_v0_1.zip,atlas_a8_architecture_gate_v0_1/site/entity/01a010d9-28c3-705b-ab6c-8a1886ff972d.html,4491,1510,e8b22e5b
atlas_a8_architecture_gate_v0_1.zip,atlas_a8_architecture_gate_v0_1/site/entity/01a01016-ea4e-7a86-9dc9-72ee0ab1c448.html,16739,3196,c07927dc
atlas_a8_architecture_gate_v0_1.zip,atlas_a8_architecture_gate_v0_1/site/entity/01a01028-5455-70c8-9212-e958618f90e8.html,4826,1462,d5e5a11e
atlas_a8_architecture_gate_v0_1.zip,atlas_a8_architecture_gate_v0_1/site/entity/01a01028-5445-7b60-a3e7-0e42b146e448.html,3674,1415,6d4340b8
atlas_a8_architecture_gate_v0_1.zip,atlas_a8_architecture_gate_v0_1/site/entity/01a0102f-0747-7209-8c79-b321836a1bd4.html,3825,1461,67ef6fee
atlas_a8_architecture_gate_v0_1.zip,atlas_a8_architecture_gate_v0_1/site/entity/01a010d9-28c4-79e5-9539-a782d65f01ac.html,4107,1517,ad84e934
atlas_a8_architecture_gate_v0_1.zip,atlas_a8_architecture_gate_v0_1/site/entity/01a01028-5453-75e3-b16d-9b2b533467ff.html,4364,1609,965b9dcc
atlas_a8_architecture_gate_v0_1.zip,atlas_a8_architecture_gate_v0_1/site/entity/01a01028-544e-7ab2-a063-2b7daa91693f.html,4092,1485,f21a4053
atlas_a8_architecture_gate_v0_1.zip,atlas_a8_architecture_gate_v0_1/site/entity/01a01016-ea4e-76dd-8b7e-a38a7a9a1e7e.html,9889,2636,2ec3e7e6
atlas_a8_architecture_gate_v0_1.zip,atlas_a8_architecture_gate_v0_1/site/entity/01a01016-ea4c-766d-827a-d7a4341a454d.html,4622,1679,258731b7
atlas_a8_architecture_gate_v0_1.zip,atlas_a8_architecture_gate_v0_1/site/entity/01a01016-ea4d-739b-9d06-20a647780fe2.html,8823,2293,66307581
atlas_a8_architecture_gate_v0_1.zip,atlas_a8_architecture_gate_v0_1/site/entity/01a01028-5445-78c3-bf00-45481baaba69.html,5153,1538,35733d27
atlas_a8_architecture_gate_v0_1.zip,atlas_a8_architecture_gate_v0_1/site/entity/01a01031-ec59-7812-aad3-50bed05feae4.html,3814,1337,28c85587
atlas_a8_architecture_gate_v0_1.zip,atlas_a8_architecture_gate_v0_1/site/entity/01a01028-544c-79a1-9697-4bf87cc0f009.html,4062,1397,86e59c2d
atlas_a8_architecture_gate_v0_1.zip,atlas_a8_architecture_gate_v0_1/site/entity/01a01016-ea4d-7a26-8bc4-132ba83497c5.html,4517,1484,3a1d157b
atlas_a8_architecture_gate_v0_1.zip,atlas_a8_architecture_gate_v0_1/site/entity/01a0102f-0747-7a09-96ad-67d528294ef0.html,6130,1690,d26e325b
atlas_a8_architecture_gate_v0_1.zip,atlas_a8_architecture_gate_v0_1/site/entity/01a0102a-57ec-7533-8dfc-71b7915ff474.html,3903,1367,b1a89bcd
atlas_a8_architecture_gate_v0_1.zip,atlas_a8_architecture_gate_v0_1/site/entity/01a01028-544f-7f08-8a11-5ef85c02ecde.html,4393,1510,45cc3b39
atlas_a8_architecture_gate_v0_1.zip,atlas_a8_architecture_gate_v0_1/site/entity/01a01016-ea4e-7218-a646-042102986580.html,7125,2060,767d1b52
atlas_a8_architecture_gate_v0_1.zip,atlas_a8_architecture_gate_v0_1/site/entity/01a01016-ea4e-7957-8e03-34c482a35294.html,7043,2083,5a5c618c
atlas_a8_architecture_gate_v0_1.zip,atlas_a8_architecture_gate_v0_1/site/entity/01a01028-544f-7873-a413-ede2b84cb34f.html,5656,1781,67fe1346
atlas_a8_architecture_gate_v0_1.zip,atlas_a8_architecture_gate_v0_1/site/entity/01a01016-ea4d-7173-829c-002efcbf4c38.html,7125,2112,e9e45ea0
atlas_a8_architecture_gate_v0_1.zip,atlas_a8_architecture_gate_v0_1/site/entity/01a010d9-28c7-745f-a0e1-27cf05392aeb.html,6410,1630,ab6980ea
atlas_a8_architecture_gate_v0_1.zip,atlas_a8_architecture_gate_v0_1/site/entity/01a01030-331a-705c-8d5c-39c13669049e.html,5239,1650,29295a99
atlas_a8_architecture_gate_v0_1.zip,atlas_a8_architecture_gate_v0_1/site/entity/01a01028-5455-759c-a6a7-06375500cf5d.html,5438,1569,6f7c9a99
atlas_a8_architecture_gate_v0_1.zip,atlas_a8_architecture_gate_v0_1/site/entity/01a01016-ea4e-759c-979a-f1fee34cdd1a.html,5394,1688,f75ddf42
atlas_a8_architecture_gate_v0_1.zip,atlas_a8_architecture_gate_v0_1/site/entity/01a010d9-28ca-7a47-87fb-3f3849187439.html,5632,1644,1dadc343
atlas_a8_architecture_gate_v0_1.zip,atlas_a8_architecture_gate_v0_1/site/entity/01a010d9-28cb-765c-9b30-68028abae18b.html,5805,1810,59ea135b
atlas_a8_architecture_gate_v0_1.zip,atlas_a8_architecture_gate_v0_1/site/entity/01a01016-ea4e-7dca-85dc-5ad613f80bea.html,6166,1975,753c607b
atlas_a8_architecture_gate_v0_1.zip,atlas_a8_architecture_gate_v0_1/site/entity/01a01016-ea4c-7811-8273-49e04e67d96d.html,5296,1749,ef95132d
atlas_a8_architecture_gate_v0_1.zip,atlas_a8_architecture_gate_v0_1/site/entity/01a01028-544c-74aa-9028-ab50f0240e42.html,5417,1576,1dceeaf9
atlas_a8_architecture_gate_v0_1.zip,atlas_a8_architecture_gate_v0_1/site/entity/01a0102a-57e7-76fd-b8d0-8018ce990f8a.html,3527,1351,075bd4a7
atlas_a8_architecture_gate_v0_1.zip,atlas_a8_architecture_gate_v0_1/site/entity/01a01031-ec59-7816-bdcd-ed7a27d3e552.html,5338,1660,88c2722e
atlas_a8_architecture_gate_v0_1.zip,atlas_a8_architecture_gate_v0_1/site/entity/01a0102a-57ea-7aa8-80fc-653065bd9612.html,5013,1535,2cce23bc
atlas_a8_architecture_gate_v0_1.zip,atlas_a8_architecture_gate_v0_1/site/entity/01a01028-5455-7a84-b0d2-ee6fb10c31b8.html,3657,1403,7343b605
atlas_a8_architecture_gate_v0_1.zip,atlas_a8_architecture_gate_v0_1/site/entity/01a010d9-28c6-7d0e-b0fb-fc349473d4fb.html,3728,1441,0328bc46
atlas_a8_architecture_gate_v0_1.zip,atlas_a8_architecture_gate_v0_1/site/entity/01a010d9-28c3-7fc4-9f3a-3e300e1d1b76.html,5694,1852,e5dc7c75
atlas_a8_architecture_gate_v0_1.zip,atlas_a8_architecture_gate_v0_1/site/entity/01a0102a-57e9-773d-8a60-1b66f245b8ae.html,3525,1332,0691345d
atlas_a8_architecture_gate_v0_1.zip,atlas_a8_architecture_gate_v0_1/site/entity/01a01030-3312-7bd6-bfa0-e1d71a49c740.html,3980,1511,9a5cbda6
atlas_a8_architecture_gate_v0_1.zip,atlas_a8_architecture_gate_v0_1/site/entity/01a01028-5456-7347-bcb9-8a40ce99ef02.html,6205,1791,e9704f05
atlas_a8_architecture_gate_v0_1.zip,atlas_a8_architecture_gate_v0_1/site/entity/01a01028-5441-7dba-8fc7-6006eb681a73.html,4129,1478,68ed13cf
atlas_a8_architecture_gate_v0_1.zip,atlas_a8_architecture_gate_v0_1/site/entity/01a0102f-074d-7574-9e5c-ff32d4227e5c.html,4092,1425,6b9f58d5
atlas_a8_architecture_gate_v0_1.zip,atlas_a8_architecture_gate_v0_1/site/entity/01a01030-3313-7c92-8420-09288e3b4769.html,3960,1504,952ab138
atlas_a8_architecture_gate_v0_1.zip,atlas_a8_architecture_gate_v0_1/site/entity/01a010d9-28c7-7d27-a89c-87e48b5bca29.html,4544,1533,409057fa
atlas_a8_architecture_gate_v0_1.zip,atlas_a8_architecture_gate_v0_1/site/entity/01a01016-ea4d-763b-928f-bb7bfad13e74.html,11560,2516,ac347e1b
atlas_a8_architecture_gate_v0_1.zip,atlas_a8_architecture_gate_v0_1/site/entity/01a01016-ea4d-7ad4-b291-20a795711b61.html,4519,1509,8d251c38
atlas_a8_architecture_gate_v0_1.zip,atlas_a8_architecture_gate_v0_1/site/entity/01a0102a-57e8-78ff-aef0-7ec2156f5eec.html,4447,1581,3aecd97a
atlas_a8_architecture_gate_v0_1.zip,atlas_a8_architecture_gate_v0_1/site/entity/01a010d9-28c8-750f-adf3-f48d344020e5.html,7061,1796,68b96e91
atlas_a8_architecture_gate_v0_1.zip,atlas_a8_architecture_gate_v0_1/site/entity/01a01016-ea4d-773d-9dea-2578019aa364.html,5191,1729,98278860
atlas_a8_architecture_gate_v0_1.zip,atlas_a8_architecture_gate_v0_1/site/entity/01a0102f-074d-7913-a73c-305e1298dd8d.html,5371,1706,9863f091
atlas_a8_architecture_gate_v0_1.zip,atlas_a8_architecture_gate_v0_1/site/entity/01a01016-ea4d-7d5e-bd1b-907f0ec733c1.html,6251,1903,72240b38
atlas_a8_architecture_gate_v0_1.zip,atlas_a8_architecture_gate_v0_1/site/entity/01a01016-ea4d-7960-9f11-9be8b934f557.html,5162,1725,89d4d456
atlas_a8_architecture_gate_v0_1.zip,atlas_a8_architecture_gate_v0_1/site/entity/01a01028-5453-7cda-9d69-1cfa772774a4.html,4260,1607,b5229202
atlas_a8_architecture_gate_v0_1.zip,atlas_a8_architecture_gate_v0_1/site/entity/01a01016-ea4e-77ad-9cc2-358ec54ac39b.html,4328,1467,93dd5851
atlas_a8_architecture_gate_v0_1.zip,atlas_a8_architecture_gate_v0_1/site/entity/01a01016-ea4d-7efc-a092-49e059f1f4a7.html,7797,1969,bc5b8c09
atlas_a8_architecture_gate_v0_1.zip,atlas_a8_architecture_gate_v0_1/site/entity/01a010d9-28c7-7eed-a50f-a22ba35f0ff2.html,4241,1550,9eac0774
atlas_a8_architecture_gate_v0_1.zip,atlas_a8_architecture_gate_v0_1/site/entity/01a01030-3319-7f50-a974-c3181fd95e9c.html,3695,1426,57834175
atlas_a8_architecture_gate_v0_1.zip,atlas_a8_architecture_gate_v0_1/site/entity/01a01030-3312-7d84-9a7e-34630d64f2b9.html,4012,1510,d403f5d8
atlas_a8_architecture_gate_v0_1.zip,atlas_a8_architecture_gate_v0_1/site/entity/01a01016-ea4d-7c5e-960d-4d958efad5e7.html,17960,2938,c5d9316c
atlas_a8_architecture_gate_v0_1.zip,atlas_a8_architecture_gate_v0_1/site/entity/01a01016-ea4d-7b16-b9c2-81254d105884.html,3730,1454,62a1a3b4
atlas_a8_architecture_gate_v0_1.zip,atlas_a8_architecture_gate_v0_1/site/entity/01a01016-ea4d-7088-9b79-91395007804f.html,4075,1570,80f1e80b
atlas_a8_architecture_gate_v0_1.zip,atlas_a8_architecture_gate_v0_1/site/entity/01a010d9-28c4-7374-b925-54a7bfff62c8.html,6045,1662,7090af36
atlas_a8_architecture_gate_v0_1.zip,atlas_a8_architecture_gate_v0_1/site/entity/01a010d9-28c4-79e9-91e5-ba861046074c.html,4040,1496,331c4457
atlas_a8_architecture_gate_v0_1.zip,atlas_a8_architecture_gate_v0_1/site/entity/01a0102f-074e-7ece-854c-628ee5727a14.html,5049,1549,9c8ccc50
atlas_a8_architecture_gate_v0_1.zip,atlas_a8_architecture_gate_v0_1/site/entity/01a0102a-57ec-7ec1-aa4a-3b50b15c3e43.html,3453,1326,a9659e44
atlas_a8_architecture_gate_v0_1.zip,atlas_a8_architecture_gate_v0_1/site/entity/01a0102a-57ea-7e52-9674-4056cba82d9b.html,5092,1664,6b9def1e
atlas_a8_architecture_gate_v0_1.zip,atlas_a8_architecture_gate_v0_1/site/entity/01a010d9-28cb-7dae-9c22-7489eed09176.html,5113,1689,60388da7
atlas_a8_architecture_gate_v0_1.zip,atlas_a8_architecture_gate_v0_1/site/entity/01a01016-ea4c-7d91-94cb-ab7612f7e369.html,5138,1688,9c4b6b61
atlas_a8_architecture_gate_v0_1.zip,atlas_a8_architecture_gate_v0_1/site/entity/01a0102a-57e7-75f4-a727-9a9a92b50bd2.html,4233,1570,36e42278
atlas_a8_architecture_gate_v0_1.zip,atlas_a8_architecture_gate_v0_1/site/entity/01a0102a-57eb-757c-8088-4ed32c002ced.html,4023,1351,38e2a74d
atlas_a8_architecture_gate_v0_1.zip,atlas_a8_architecture_gate_v0_1/site/entity/01a01016-ea4e-76d9-bc16-d2fb752accc6.html,6727,1802,3cf12b87
atlas_a8_architecture_gate_v0_1.zip,atlas_a8_architecture_gate_v0_1/site/entity/01a0102a-57e9-7d5c-ae74-625da68e8b0a.html,4956,1515,e2681ea3
atlas_a8_architecture_gate_v0_1.zip,atlas_a8_architecture_gate_v0_1/site/entity/01a01016-ea4c-7569-9ec4-1eb11e3f3151.html,5049,1668,f8a932ce
atlas_a8_architecture_gate_v0_1.zip,atlas_a8_architecture_gate_v0_1/site/entity/01a01028-544e-7c04-ae41-69a0fc8dcd4d.html,4953,1597,adc716cf
atlas_a8_architecture_gate_v0_1.zip,atlas_a8_architecture_gate_v0_1/site/entity/01a010d9-28c4-7d45-b8cf-ff3eff00a4ee.html,4672,1571,b9fdec07
atlas_a8_architecture_gate_v0_1.zip,atlas_a8_architecture_gate_v0_1/site/entity/01a01016-ea4e-75e3-b52c-1bde5e573967.html,7303,1947,56055f8b
atlas_a8_architecture_gate_v0_1.zip,atlas_a8_architecture_gate_v0_1/site/entity/01a01031-ec56-72e1-87fe-d60d070d71f0.html,4326,1614,7f83a703
atlas_a8_architecture_gate_v0_1.zip,atlas_a8_architecture_gate_v0_1/site/entity/01a010d9-28c9-787b-ba1d-036c3f7bded2.html,3644,1349,6d47159d
atlas_a8_architecture_gate_v0_1.zip,atlas_a8_architecture_gate_v0_1/site/entity/01a01016-ea4e-76bc-8e5e-6c2482df21fb.html,4106,1493,3ed746fc
atlas_a8_architecture_gate_v0_1.zip,atlas_a8_architecture_gate_v0_1/site/entity/01a01028-5453-7daf-b895-5e395f5a879d.html,4613,1680,87ea74dc
atlas_a8_architecture_gate_v0_1.zip,atlas_a8_architecture_gate_v0_1/site/entity/01a010d9-28c8-7815-a756-879fb33936fc.html,4756,1616,9eae4c74
atlas_a8_architecture_gate_v0_1.zip,atlas_a8_architecture_gate_v0_1/site/entity/01a01028-5459-7db1-b97a-ae37248e82c9.html,5556,1619,a24e9053
atlas_a8_architecture_gate_v0_1.zip,atlas_a8_architecture_gate_v0_1/site/entity/01a01028-544c-762d-8c10-8e49481b6784.html,4150,1417,67a8272f
atlas_a8_architecture_gate_v0_1.zip,atlas_a8_architecture_gate_v0_1/site/entity/01a0102a-57e7-72af-aff7-faa78d8ea08c.html,5417,1734,630e1985
atlas_a8_architecture_gate_v0_1.zip,atlas_a8_architecture_gate_v0_1/site/entity/01a010d9-28c8-734b-8208-0888551089ec.html,4281,1574,49ce228f
atlas_a8_architecture_gate_v0_1.zip,atlas_a8_architecture_gate_v0_1/site/entity/01a01030-3313-78c7-a747-56d6e7706dec.html,4487,1540,b551db58
atlas_a8_architecture_gate_v0_1.zip,atlas_a8_architecture_gate_v0_1/site/entity/01a01028-5455-7501-945c-62ea88d8f283.html,4202,1431,a0438d9c
atlas_a8_architecture_gate_v0_1.zip,atlas_a8_architecture_gate_v0_1/site/entity/01a010d9-28c2-7d2f-a479-bd5c57b5931d.html,4146,1517,faade092
atlas_a8_architecture_gate_v0_1.zip,atlas_a8_architecture_gate_v0_1/site/entity/01a010d9-28c4-7e10-b7ab-3c1dc32f4ef8.html,4013,1379,c6b588ff
atlas_a8_architecture_gate_v0_1.zip,atlas_a8_architecture_gate_v0_1/site/entity/01a010d9-28c9-78f2-b35e-90217575b50d.html,4088,1392,959a931b
atlas_a8_architecture_gate_v0_1.zip,atlas_a8_architecture_gate_v0_1/site/entity/01a01016-ea4e-78db-95d0-5ebf2fcdfaf8.html,5162,1813,5e1fe4b9
atlas_a8_architecture_gate_v0_1.zip,atlas_a8_architecture_gate_v0_1/site/entity/01a01016-ea4d-7094-bc6a-f8ffab816d4a.html,8568,2148,a9f7eb7d
atlas_a8_architecture_gate_v0_1.zip,atlas_a8_architecture_gate_v0_1/site/entity/01a01016-ea4e-747b-9ba4-e560d648e4ef.html,7892,2118,4c9bbeb3
atlas_a8_architecture_gate_v0_1.zip,atlas_a8_architecture_gate_v0_1/site/entity/01a010d9-28c9-7254-b872-ae5bb1c14ec1.html,4090,1400,deaeeacf
atlas_a8_architecture_gate_v0_1.zip,atlas_a8_architecture_gate_v0_1/site/entity/01a01031-ec58-7127-85e7-5e4354b40fd5.html,6059,1613,bfbbe6ff
atlas_a8_architecture_gate_v0_1.zip,atlas_a8_architecture_gate_v0_1/site/entity/01a01030-331a-701c-ac94-eb39ea02aeea.html,3941,1397,b2b1d0b8
atlas_a8_architecture_gate_v0_1.zip,atlas_a8_architecture_gate_v0_1/site/entity/01a01031-ec59-7536-945e-654d75ddae61.html,5899,1713,450bce96
atlas_a8_architecture_gate_v0_1.zip,atlas_a8_architecture_gate_v0_1/site/entity/01a01028-5454-7d37-913d-347be705040c.html,4864,1659,9d7ac87a
atlas_a8_architecture_gate_v0_1.zip,atlas_a8_architecture_gate_v0_1/site/entity/01a01031-ec56-7026-8f42-c95dbfb5b8ef.html,4179,1581,ee528657
atlas_a8_architecture_gate_v0_1.zip,atlas_a8_architecture_gate_v0_1/site/entity/01a01028-5447-779e-8317-57316b628d02.html,3569,1373,17741683
atlas_a8_architecture_gate_v0_1.zip,atlas_a8_architecture_gate_v0_1/site/entity/01a0102f-074e-7522-a061-3c60224c158a.html,5319,1598,62abaea2
atlas_a8_architecture_gate_v0_1.zip,atlas_a8_architecture_gate_v0_1/site/entity/01a0102a-57e8-7ee0-bd6b-33456d14abe8.html,4919,1606,e0f564cb
atlas_a8_architecture_gate_v0_1.zip,atlas_a8_architecture_gate_v0_1/site/entity/01a01031-ec59-763e-b219-fa55b175d0e7.html,5449,1712,916ef072
atlas_a8_architecture_gate_v0_1.zip,atlas_a8_architecture_gate_v0_1/site/entity/01a0102f-074f-7e63-b334-ebaf480207cd.html,3642,1362,5356c65a
atlas_a8_architecture_gate_v0_1.zip,atlas_a8_architecture_gate_v0_1/site/entity/01a010d9-28c7-745e-95c1-3b1a3ed73393.html,4263,1522,4ab3c7ab
atlas_a8_architecture_gate_v0_1.zip,atlas_a8_architecture_gate_v0_1/site/entity/01a01028-544c-7d5d-a535-4d8e2484786a.html,5360,1601,f94c11fa
atlas_a8_architecture_gate_v0_1.zip,atlas_a8_architecture_gate_v0_1/site/entity/01a01031-ec59-7d90-8c59-f5743880a8e0.html,3373,1282,57a5c864
atlas_a8_architecture_gate_v0_1.zip,atlas_a8_architecture_gate_v0_1/site/entity/01a01016-ea4d-7031-8808-ae9c4aa17984.html,6401,1750,bd68d179
atlas_a8_architecture_gate_v0_1.zip,atlas_a8_architecture_gate_v0_1/site/entity/01a0102a-57e6-70e3-9eb5-863593183390.html,5509,1811,dacc9927
atlas_a8_architecture_gate_v0_1.zip,atlas_a8_architecture_gate_v0_1/site/entity/01a01016-ea4e-7f56-aca9-09797b86bd52.html,11046,1998,2f97ed21
atlas_a8_architecture_gate_v0_1.zip,atlas_a8_architecture_gate_v0_1/site/entity/01a01028-5447-7989-9ba7-b68bd002002f.html,4954,1536,048c9bb3
atlas_a8_architecture_gate_v0_1.zip,atlas_a8_architecture_gate_v0_1/site/entity/01a0102a-57e9-7402-b40c-17fe692810ec.html,5584,1809,881f7362
atlas_a8_architecture_gate_v0_1.zip,atlas_a8_architecture_gate_v0_1/site/entity/01a01028-5448-7307-a972-6d98594b95a7.html,6786,1734,c748286b
atlas_a8_architecture_gate_v0_1.zip,atlas_a8_architecture_gate_v0_1/site/entity/01a01016-ea4e-7bee-8617-228ced532a8e.html,7721,2225,818bba8e
atlas_a8_architecture_gate_v0_1.zip,atlas_a8_architecture_gate_v0_1/site/entity/01a010d9-28c7-7e06-b5a7-472a278161dc.html,4715,1568,2908f5d1
atlas_a8_architecture_gate_v0_1.zip,atlas_a8_architecture_gate_v0_1/site/entity/01a01031-ec56-764c-9194-9ca5ae080c40.html,7568,1968,4732e0af
atlas_a8_architecture_gate_v0_1.zip,atlas_a8_architecture_gate_v0_1/site/entity/01a01016-ea4e-7caf-a1df-90d26f93db28.html,5602,1693,58b2a3ec
atlas_a8_architecture_gate_v0_1.zip,atlas_a8_architecture_gate_v0_1/site/entity/01a01016-ea4d-7397-8a59-8d3799b2d3ff.html,5959,1833,1ffe890a
atlas_a8_architecture_gate_v0_1.zip,atlas_a8_architecture_gate_v0_1/site/entity/01a01028-544e-7849-8c8b-e4fcb959f2bb.html,6776,1993,c5d22f46
atlas_a8_architecture_gate_v0_1.zip,atlas_a8_architecture_gate_v0_1/site/entity/01a010d9-28cb-7303-9fce-ea0dbef53522.html,6456,1872,c28e6855
atlas_a8_architecture_gate_v0_1.zip,atlas_a8_architecture_gate_v0_1/site/entity/01a010d9-28c6-7f1e-8bfe-7d3a6d69d455.html,4224,1489,62c1ed2c
atlas_a8_architecture_gate_v0_1.zip,atlas_a8_architecture_gate_v0_1/site/entity/01a0102a-57eb-71e8-9acf-f52ed60ec5d4.html,3408,1332,2d35eff2
atlas_a8_architecture_gate_v0_1.zip,atlas_a8_architecture_gate_v0_1/site/entity/01a01028-5456-7a95-8022-9945a7e5315f.html,4928,1565,802f03f3
atlas_a8_architecture_gate_v0_1.zip,atlas_a8_architecture_gate_v0_1/site/entity/01a01016-ea4d-71e7-8be4-b717819e18e1.html,5624,1776,31b61463
atlas_a8_architecture_gate_v0_1.zip,atlas_a8_architecture_gate_v0_1/site/entity/01a01031-ec55-7a02-b399-8a7daa8bcf94.html,3971,1456,e4320b58
atlas_a8_architecture_gate_v0_1.zip,atlas_a8_architecture_gate_v0_1/site/entity/01a010d9-28c7-78fd-904e-26718eb518a5.html,4517,1569,93a05551
atlas_a8_architecture_gate_v0_1.zip,atlas_a8_architecture_gate_v0_1/site/entity/01a010d9-28c6-79eb-9cc1-0f8d258b61d4.html,5041,1576,262a8e77
atlas_a8_architecture_gate_v0_1.zip,atlas_a8_architecture_gate_v0_1/site/entity/01a01031-ec54-75b7-8d10-769da4a06663.html,5544,1614,0b409c7c
atlas_a9_foundation_v0_1.zip,atlas_a9_foundation_v0_1/README.md,396,267,257495b2
atlas_a9_foundation_v0_1.zip,atlas_a9_foundation_v0_1/atlas-web/.gitignore,103,74,9eb27c2c
atlas_a9_foundation_v0_1.zip,atlas_a9_foundation_v0_1/atlas-web/package.json,542,255,4ef59cd1
atlas_a9_foundation_v0_1.zip,atlas_a9_foundation_v0_1/atlas-web/astro.config.mjs,161,124,17c6dbe6
atlas_a9_foundation_v0_1.zip,atlas_a9_foundation_v0_1/atlas-web/tsconfig.json,121,96,26ddd220
atlas_a9_foundation_v0_1.zip,atlas_a9_foundation_v0_1/atlas-web/README.md,902,525,5f835861
atlas_a9_foundation_v0_1.zip,atlas_a9_foundation_v0_1/docs/A9_REMAINING_WORK.md,1085,620,2ee18c4b
atlas_a9_foundation_v0_1.zip,atlas_a9_foundation_v0_1/docs/A9_FOUNDATION_VALIDATION.json,244,137,e5e9050f
atlas_a9_foundation_v0_1.zip,atlas_a9_foundation_v0_1/docs/A9_BUILD_PIPELINE.md,1302,704,530112ad
atlas_a9_foundation_v0_1.zip,atlas_a9_foundation_v0_1/docs/A9_FOUNDATION_STATUS.json,461,277,833e3d48
atlas_a9_foundation_v0_1.zip,atlas_a9_foundation_v0_1/atlas-web/data/map-points.prototype.json,2762,796,0c58d059
atlas_a9_foundation_v0_1.zip,atlas_a9_foundation_v0_1/atlas-web/data/atlas.sqlite,970752,175962,75af2795
atlas_a9_foundation_v0_1.zip,atlas_a9_foundation_v0_1/atlas-web/scripts/export_web.py,5790,2029,20179fdf
atlas_a9_foundation_v0_1.zip,atlas_a9_foundation_v0_1/atlas-web/public/data/graph-index.json,82228,21234,f134d289
atlas_a9_foundation_v0_1.zip,atlas_a9_foundation_v0_1/atlas-web/public/data/timeline.json,13201,4412,43a9ede5
atlas_a9_foundation_v0_1.zip,atlas_a9_foundation_v0_1/atlas-web/public/data/map-points.prototype.json,2762,796,0c58d059
atlas_a9_foundation_v0_1.zip,atlas_a9_foundation_v0_1/atlas-web/src/styles/global.css,3284,1140,e9fb3a06
atlas_a9_foundation_v0_1.zip,atlas_a9_foundation_v0_1/atlas-web/src/layouts/BaseLayout.astro,1984,911,18863b4f
atlas_a9_foundation_v0_1.zip,atlas_a9_foundation_v0_1/atlas-web/src/pages/timeline.astro,413,250,8362210d
atlas_a9_foundation_v0_1.zip,atlas_a9_foundation_v0_1/atlas-web/src/pages/index.astro,1200,667,76319eae
atlas_a9_foundation_v0_1.zip,atlas_a9_foundation_v0_1/atlas-web/src/components/Timeline.astro,1165,599,004ec113
atlas_a9_foundation_v0_1.zip,atlas_a9_foundation_v0_1/atlas-web/src/components/Relations.astro,2354,659,4e10134d
atlas_a9_foundation_v0_1.zip,atlas_a9_foundation_v0_1/atlas-web/src/components/Graph.astro,1746,861,61cc32ef
atlas_a9_foundation_v0_1.zip,atlas_a9_foundation_v0_1/atlas-web/src/pages/e/[id].astro,1351,593,e6cdefae
atlas_a9_foundation_v0_1.zip,atlas_a9_foundation_v0_1/atlas-web/src/data/generated/entity-pages.json,1712199,130951,c641c82f
atlas_a9_foundation_v0_1.zip,atlas_a9_foundation_v0_1/atlas-web/src/data/generated/timeline.json,13201,4412,43a9ede5
atlas_a9_foundation_v0_1.zip,atlas_a9_foundation_v0_1/atlas-web/src/data/generated/stats.json,67,54,0b17401c
atlas_a9_product_v0_2.zip,atlas_a9_product_v0_2/README.md,588,372,ca29eb41
atlas_a9_product_v0_2.zip,atlas_a9_product_v0_2/atlas-web/.gitignore,103,74,9eb27c2c
atlas_a9_product_v0_2.zip,atlas_a9_product_v0_2/atlas-web/package.json,542,255,4ef59cd1
atlas_a9_product_v0_2.zip,atlas_a9_product_v0_2/atlas-web/astro.config.mjs,161,124,17c6dbe6
atlas_a9_product_v0_2.zip,atlas_a9_product_v0_2/atlas-web/tsconfig.json,121,96,26ddd220
atlas_a9_product_v0_2.zip,atlas_a9_product_v0_2/atlas-web/README.md,902,525,5f835861
atlas_a9_product_v0_2.zip,atlas_a9_product_v0_2/docs/A9_DEPLOYMENT_CONTRACT.md,715,440,b73beb8c
atlas_a9_product_v0_2.zip,atlas_a9_product_v0_2/docs/A9_REMAINING_WORK.md,1085,620,2ee18c4b
atlas_a9_product_v0_2.zip,atlas_a9_product_v0_2/docs/A9_GEOGRAPHY_RULES.md,1600,823,6285e779
atlas_a9_product_v0_2.zip,atlas_a9_product_v0_2/docs/A9_V0_2_VALIDATION.json,2332,777,c3a1c179
atlas_a9_product_v0_2.zip,atlas_a9_product_v0_2/docs/A9_V0_2_REPORT.md,1723,975,cc4ea9e0
atlas_a9_product_v0_2.zip,atlas_a9_product_v0_2/docs/A9_FOUNDATION_VALIDATION.json,244,137,e5e9050f
atlas_a9_product_v0_2.zip,atlas_a9_product_v0_2/docs/A9_BUILD_PIPELINE.md,1302,704,530112ad
atlas_a9_product_v0_2.zip,atlas_a9_product_v0_2/docs/A9_FOUNDATION_STATUS.json,461,277,833e3d48
atlas_a9_product_v0_2.zip,atlas_a9_product_v0_2/atlas-web/data/geography.registry.json,2353,747,5eb0023d
atlas_a9_product_v0_2.zip,atlas_a9_product_v0_2/atlas-web/data/map-points.prototype.json,2762,796,0c58d059
atlas_a9_product_v0_2.zip,atlas_a9_product_v0_2/atlas-web/data/atlas.sqlite,987136,179017,2899d11a
atlas_a9_product_v0_2.zip,atlas_a9_product_v0_2/atlas-web/public/_headers,151,120,bdc65bf5
atlas_a9_product_v0_2.zip,atlas_a9_product_v0_2/atlas-web/scripts/export_web.py,7654,2674,08fece3a
atlas_a9_product_v0_2.zip,atlas_a9_product_v0_2/atlas-web/scripts/__pycache__/export_web.cpython-313.pyc,11546,6280,96f8f97a
atlas_a9_product_v0_2.zip,atlas_a9_product_v0_2/atlas-web/public/data/graph-index.json,83648,21693,fcd096a6
atlas_a9_product_v0_2.zip,atlas_a9_product_v0_2/atlas-web/public/data/timeline.json,13368,4484,89be026b
atlas_a9_product_v0_2.zip,atlas_a9_product_v0_2/atlas-web/public/data/geography.registry.json,2353,747,5eb0023d
atlas_a9_product_v0_2.zip,atlas_a9_product_v0_2/atlas-web/public/data/map-points.prototype.json,2762,796,0c58d059
atlas_a9_product_v0_2.zip,atlas_a9_product_v0_2/atlas-web/public/data/compare-index.json,106237,17505,7d41310c
atlas_a9_product_v0_2.zip,atlas_a9_product_v0_2/atlas-web/src/styles/global.css,4150,1343,27f229dd
atlas_a9_product_v0_2.zip,atlas_a9_product_v0_2/atlas-web/src/layouts/BaseLayout.astro,2101,959,cfd01ddc
atlas_a9_product_v0_2.zip,atlas_a9_product_v0_2/atlas-web/src/pages/map.astro,1782,920,38cb80b9
atlas_a9_product_v0_2.zip,atlas_a9_product_v0_2/atlas-web/src/pages/timeline.astro,413,250,8362210d
atlas_a9_product_v0_2.zip,atlas_a9_product_v0_2/atlas-web/src/pages/compare.astro,1530,742,32b62efb
atlas_a9_product_v0_2.zip,atlas_a9_product_v0_2/atlas-web/src/pages/index.astro,1200,667,76319eae
atlas_a9_product_v0_2.zip,atlas_a9_product_v0_2/atlas-web/src/components/CompareButton.astro,840,460,c6766958
atlas_a9_product_v0_2.zip,atlas_a9_product_v0_2/atlas-web/src/components/Timeline.astro,1165,599,004ec113
atlas_a9_product_v0_2.zip,atlas_a9_product_v0_2/atlas-web/src/components/Relations.astro,2354,659,4e10134d
atlas_a9_product_v0_2.zip,atlas_a9_product_v0_2/atlas-web/src/components/Graph.astro,1746,861,61cc32ef
atlas_a9_product_v0_2.zip,atlas_a9_product_v0_2/atlas-web/src/components/Facts.astro,805,440,c2f508b0
atlas_a9_product_v0_2.zip,atlas_a9_product_v0_2/atlas-web/src/components/SemanticRelations.astro,1671,762,6fe35835
atlas_a9_product_v0_2.zip,atlas_a9_product_v0_2/atlas-web/src/pages/e/[id].astro,1707,692,2cd9d1fb
atlas_a9_product_v0_2.zip,atlas_a9_product_v0_2/atlas-web/src/data/generated/entity-pages.json,1752618,134960,c21e1f07
atlas_a9_product_v0_2.zip,atlas_a9_product_v0_2/atlas-web/src/data/generated/timeline.json,13368,4484,89be026b
atlas_a9_product_v0_2.zip,atlas_a9_product_v0_2/atlas-web/src/data/generated/stats.json,67,54,4b84e445
atlas_a9_product_v0_3.zip,atlas_a9_product_v0_3/README.md,542,341,2878495a
atlas_a9_product_v0_3.zip,atlas_a9_product_v0_3/atlas-web/.gitignore,103,74,9eb27c2c
atlas_a9_product_v0_3.zip,atlas_a9_product_v0_3/atlas-web/package.json,542,255,4ef59cd1
atlas_a9_product_v0_3.zip,atlas_a9_product_v0_3/atlas-web/astro.config.mjs,161,124,17c6dbe6
atlas_a9_product_v0_3.zip,atlas_a9_product_v0_3/atlas-web/tsconfig.json,121,96,26ddd220
atlas_a9_product_v0_3.zip,atlas_a9_product_v0_3/atlas-web/README.md,902,525,5f835861
atlas_a9_product_v0_3.zip,atlas_a9_product_v0_3/docs/A9_DEPLOYMENT_CONTRACT.md,715,440,b73beb8c
atlas_a9_product_v0_3.zip,atlas_a9_product_v0_3/docs/A9_GATE_STATUS.json,722,420,70073116
atlas_a9_product_v0_3.zip,atlas_a9_product_v0_3/docs/A9_CI_GATE.md,1004,578,be05e78a
atlas_a9_product_v0_3.zip,atlas_a9_product_v0_3/docs/A9_REMAINING_WORK.md,1085,620,2ee18c4b
atlas_a9_product_v0_3.zip,atlas_a9_product_v0_3/docs/A9_GEOGRAPHY_RULES.md,1600,823,6285e779
atlas_a9_product_v0_3.zip,atlas_a9_product_v0_3/docs/A9_V0_2_VALIDATION.json,2332,777,c3a1c179
atlas_a9_product_v0_3.zip,atlas_a9_product_v0_3/docs/A9_V0_3_VALIDATION.json,212,118,96993478
atlas_a9_product_v0_3.zip,atlas_a9_product_v0_3/docs/A9_V0_2_REPORT.md,1723,975,cc4ea9e0
atlas_a9_product_v0_3.zip,atlas_a9_product_v0_3/docs/A9_FOUNDATION_VALIDATION.json,244,137,e5e9050f
atlas_a9_product_v0_3.zip,atlas_a9_product_v0_3/docs/A9_BUILD_PIPELINE.md,1302,704,530112ad
atlas_a9_product_v0_3.zip,atlas_a9_product_v0_3/docs/A9_FOUNDATION_STATUS.json,461,277,833e3d48
atlas_a9_product_v0_3.zip,atlas_a9_product_v0_3/atlas-web/data/geography.registry.json,2353,747,5eb0023d
atlas_a9_product_v0_3.zip,atlas_a9_product_v0_3/atlas-web/data/map-points.prototype.json,2762,796,0c58d059
atlas_a9_product_v0_3.zip,atlas_a9_product_v0_3/atlas-web/data/atlas.sqlite,987136,179017,2899d11a
atlas_a9_product_v0_3.zip,atlas_a9_product_v0_3/atlas-web/public/_headers,151,120,bdc65bf5
atlas_a9_product_v0_3.zip,atlas_a9_product_v0_3/atlas-web/scripts/validate_dist.py,938,486,19ee9f7d
atlas_a9_product_v0_3.zip,atlas_a9_product_v0_3/atlas-web/scripts/export_web.py,7654,2674,08fece3a
atlas_a9_product_v0_3.zip,atlas_a9_product_v0_3/atlas-web/.github/workflows/github-pages.yml,807,376,47861d6d
atlas_a9_product_v0_3.zip,atlas_a9_product_v0_3/atlas-web/.github/workflows/build.yml,907,400,4268982a
atlas_a9_product_v0_3.zip,atlas_a9_product_v0_3/atlas-web/scripts/__pycache__/validate_dist.cpython-313.pyc,1754,1119,3cb2986f
atlas_a9_product_v0_3.zip,atlas_a9_product_v0_3/atlas-web/scripts/__pycache__/export_web.cpython-313.pyc,11546,6280,8741fc8c
atlas_a9_product_v0_3.zip,atlas_a9_product_v0_3/atlas-web/public/data/graph-index.json,83648,21693,fcd096a6
atlas_a9_product_v0_3.zip,atlas_a9_product_v0_3/atlas-web/public/data/timeline.json,13368,4484,89be026b
atlas_a9_product_v0_3.zip,atlas_a9_product_v0_3/atlas-web/public/data/geography.registry.json,2353,747,5eb0023d
atlas_a9_product_v0_3.zip,atlas_a9_product_v0_3/atlas-web/public/data/map-points.prototype.json,2762,796,0c58d059
atlas_a9_product_v0_3.zip,atlas_a9_product_v0_3/atlas-web/public/data/compare-index.json,106237,17505,7d41310c
atlas_a9_product_v0_3.zip,atlas_a9_product_v0_3/atlas-web/src/styles/global.css,4763,1465,ac86a5b2
atlas_a9_product_v0_3.zip,atlas_a9_product_v0_3/atlas-web/src/layouts/BaseLayout.astro,2128,969,e326377c
atlas_a9_product_v0_3.zip,atlas_a9_product_v0_3/atlas-web/src/pages/map.astro,1782,920,38cb80b9
atlas_a9_product_v0_3.zip,atlas_a9_product_v0_3/atlas-web/src/pages/timeline.astro,1804,830,37627253
atlas_a9_product_v0_3.zip,atlas_a9_product_v0_3/atlas-web/src/pages/compare.astro,1530,742,32b62efb
atlas_a9_product_v0_3.zip,atlas_a9_product_v0_3/atlas-web/src/pages/index.astro,1200,667,76319eae
atlas_a9_product_v0_3.zip,atlas_a9_product_v0_3/atlas-web/src/pages/graph.astro,4558,1916,15bd0552
atlas_a9_product_v0_3.zip,atlas_a9_product_v0_3/atlas-web/src/components/CompareButton.astro,840,460,c6766958
atlas_a9_product_v0_3.zip,atlas_a9_product_v0_3/atlas-web/src/components/Timeline.astro,1165,599,004ec113
atlas_a9_product_v0_3.zip,atlas_a9_product_v0_3/atlas-web/src/components/Relations.astro,2354,659,4e10134d
atlas_a9_product_v0_3.zip,atlas_a9_product_v0_3/atlas-web/src/components/Graph.astro,1746,861,61cc32ef
atlas_a9_product_v0_3.zip,atlas_a9_product_v0_3/atlas-web/src/components/Facts.astro,805,440,c2f508b0
atlas_a9_product_v0_3.zip,atlas_a9_product_v0_3/atlas-web/src/components/SemanticRelations.astro,1671,762,6fe35835
atlas_a9_product_v0_3.zip,atlas_a9_product_v0_3/atlas-web/src/pages/e/[id].astro,1707,692,2cd9d1fb
atlas_a9_product_v0_3.zip,atlas_a9_product_v0_3/atlas-web/src/data/generated/entity-pages.json,1752618,134960,2953f5b4
atlas_a9_product_v0_3.zip,atlas_a9_product_v0_3/atlas-web/src/data/generated/timeline.json,13368,4484,89be026b
atlas_a9_product_v0_3.zip,atlas_a9_product_v0_3/atlas-web/src/data/generated/stats.json,67,54,4b84e445
atlas_canonical_data_model_v1_0.zip,atlas_canonical_data_model_v1_0/PREDICATE_REGISTRY_v1.0.json,18223,2747,8ef63f51
atlas_canonical_data_model_v1_0.zip,atlas_canonical_data_model_v1_0/atlas_snapshot_v1.jsonl,255089,22821,8af35bd9
atlas_canonical_data_model_v1_0.zip,atlas_canonical_data_model_v1_0/VALIDATION_RESULT.json,1234,439,4fe6a992
atlas_canonical_data_model_v1_0.zip,atlas_canonical_data_model_v1_0/MIGRATION_MAP.csv,44068,11982,116cff82
atlas_canonical_data_model_v1_0.zip,atlas_canonical_data_model_v1_0/atlas_canonical_pilot_v1_0.sqlite,487424,71743,bce5477b
atlas_canonical_data_model_v1_0.zip,atlas_canonical_data_model_v1_0/README.md,726,433,28dc2755
atlas_canonical_data_model_v1_0.zip,atlas_canonical_data_model_v1_0/sql/atlas_v1_schema.sql,6453,1542,5b59f301
atlas_canonical_data_model_v1_0.zip,atlas_canonical_data_model_v1_0/schemas/entity.schema.json,1054,390,c0aa7157
atlas_canonical_data_model_v1_0.zip,atlas_canonical_data_model_v1_0/schemas/source.schema.json,588,242,c66420e4
atlas_canonical_data_model_v1_0.zip,atlas_canonical_data_model_v1_0/schemas/claim.schema.json,979,330,be29b9ff
atlas_canonical_data_model_v1_0.zip,atlas_canonical_data_model_v1_0/schemas/evidence.schema.json,653,248,468f1db9
atlas_canonical_data_model_v1_0.zip,atlas_canonical_data_model_v1_0/schemas/statement.schema.json,1030,345,8c237c2a
atlas_canonical_data_model_v1_0.zip,atlas_canonical_data_model_v1_0/schemas/predicate.schema.json,709,292,1ecfa87f
atlas_canonical_data_model_v1_0.zip,atlas_canonical_data_model_v1_0/scripts/validate_atlas_db.py,1057,589,4e39693c
atlas_canonical_data_model_v1_0.zip,atlas_canonical_data_model_v1_0/docs/ATLAS_ID_STRATEGY_v1.0.md,491,309,3bc8f88e
atlas_canonical_data_model_v1_0.zip,atlas_canonical_data_model_v1_0/docs/A1_TOOL_DECISION.md,792,472,b80ae2ff
atlas_canonical_data_model_v1_0.zip,atlas_canonical_data_model_v1_0/docs/ATLAS_CANONICAL_DATA_MODEL_v1.0.md,1621,859,afe81f49
atlas_pilot_5_cases_v0_2.zip,atlas_pilot_5_cases_v0_2/CONSOLIDATED_VALIDATION.md,1813,946,89af6759
atlas_pilot_5_cases_v0_2.zip,atlas_pilot_5_cases_v0_2/atlas_pilot_porsche_917_v0_1/evidence.yaml,14239,824,be350092
atlas_pilot_5_cases_v0_2.zip,atlas_pilot_5_cases_v0_2/atlas_pilot_porsche_917_v0_1/predicates.yaml,2690,486,76a00d88
atlas_pilot_5_cases_v0_2.zip,atlas_pilot_5_cases_v0_2/atlas_pilot_porsche_917_v0_1/VALIDATION.md,1984,995,fe01ff96
atlas_pilot_5_cases_v0_2.zip,atlas_pilot_5_cases_v0_2/atlas_pilot_porsche_917_v0_1/sources.yaml,3080,1143,a4d0d29a
atlas_pilot_5_cases_v0_2.zip,atlas_pilot_5_cases_v0_2/atlas_pilot_porsche_917_v0_1/events.yaml,765,226,e6fe9276
atlas_pilot_5_cases_v0_2.zip,atlas_pilot_5_cases_v0_2/atlas_pilot_porsche_917_v0_1/claims.yaml,8700,616,da182670
atlas_pilot_5_cases_v0_2.zip,atlas_pilot_5_cases_v0_2/atlas_pilot_porsche_917_v0_1/entries.yaml,302,169,6d88c247
atlas_pilot_5_cases_v0_2.zip,atlas_pilot_5_cases_v0_2/atlas_pilot_porsche_917_v0_1/statements.yaml,7199,742,1344dabe
atlas_pilot_5_cases_v0_2.zip,atlas_pilot_5_cases_v0_2/atlas_pilot_porsche_917_v0_1/README.md,1735,890,ae01ca6a
atlas_pilot_5_cases_v0_2.zip,atlas_pilot_5_cases_v0_2/atlas_pilot_porsche_917_v0_1/manifest.yaml,615,386,e4a0114e
atlas_pilot_5_cases_v0_2.zip,atlas_pilot_5_cases_v0_2/atlas_pilot_porsche_917_v0_1/entities.yaml,3274,836,c465fd25
atlas_pilot_5_cases_v0_2.zip,atlas_pilot_5_cases_v0_2/atlas_pilot_nurburgring_v0_1/evidence.yaml,4011,239,6257a6ad
atlas_pilot_5_cases_v0_2.zip,atlas_pilot_5_cases_v0_2/atlas_pilot_nurburgring_v0_1/predicates.yaml,151,86,a782d6a8
atlas_pilot_5_cases_v0_2.zip,atlas_pilot_5_cases_v0_2/atlas_pilot_nurburgring_v0_1/sources.yaml,621,270,bd0dd07a
atlas_pilot_5_cases_v0_2.zip,atlas_pilot_5_cases_v0_2/atlas_pilot_nurburgring_v0_1/events.yaml,717,240,543cf9da
atlas_pilot_5_cases_v0_2.zip,atlas_pilot_5_cases_v0_2/atlas_pilot_nurburgring_v0_1/claims.yaml,2900,270,7e828587
atlas_pilot_5_cases_v0_2.zip,atlas_pilot_5_cases_v0_2/atlas_pilot_nurburgring_v0_1/statements.yaml,2789,433,0042a50a
atlas_pilot_5_cases_v0_2.zip,atlas_pilot_5_cases_v0_2/atlas_pilot_nurburgring_v0_1/README.md,537,326,cc59d5fd
atlas_pilot_5_cases_v0_2.zip,atlas_pilot_5_cases_v0_2/atlas_pilot_nurburgring_v0_1/manifest.yaml,593,367,38c33df1
atlas_pilot_5_cases_v0_2.zip,atlas_pilot_5_cases_v0_2/atlas_pilot_nurburgring_v0_1/acceptance_tests.yaml,526,276,aceab625
atlas_pilot_5_cases_v0_2.zip,atlas_pilot_5_cases_v0_2/atlas_pilot_nurburgring_v0_1/entities.yaml,942,280,a0908817
atlas_pilot_5_cases_v0_2.zip,atlas_pilot_5_cases_v0_2/atlas_pilot_ford_model_t_v0_1/evidence.yaml,2101,189,6ebd4da8
atlas_pilot_5_cases_v0_2.zip,atlas_pilot_5_cases_v0_2/atlas_pilot_ford_model_t_v0_1/predicates.yaml,165,96,3290509a
atlas_pilot_5_cases_v0_2.zip,atlas_pilot_5_cases_v0_2/atlas_pilot_ford_model_t_v0_1/sources.yaml,424,201,da474028
atlas_pilot_5_cases_v0_2.zip,atlas_pilot_5_cases_v0_2/atlas_pilot_ford_model_t_v0_1/events.yaml,702,245,534253d0
atlas_pilot_5_cases_v0_2.zip,atlas_pilot_5_cases_v0_2/atlas_pilot_ford_model_t_v0_1/claims.yaml,1508,192,a182f8e5
atlas_pilot_5_cases_v0_2.zip,atlas_pilot_5_cases_v0_2/atlas_pilot_ford_model_t_v0_1/statements.yaml,2429,399,be27e93a
atlas_pilot_5_cases_v0_2.zip,atlas_pilot_5_cases_v0_2/atlas_pilot_ford_model_t_v0_1/README.md,465,298,0b93b80b
atlas_pilot_5_cases_v0_2.zip,atlas_pilot_5_cases_v0_2/atlas_pilot_ford_model_t_v0_1/manifest.yaml,521,331,92715a99
atlas_pilot_5_cases_v0_2.zip,atlas_pilot_5_cases_v0_2/atlas_pilot_ford_model_t_v0_1/acceptance_tests.yaml,406,229,2681f84c
atlas_pilot_5_cases_v0_2.zip,atlas_pilot_5_cases_v0_2/atlas_pilot_ford_model_t_v0_1/entities.yaml,756,280,e2f826d9
atlas_pilot_5_cases_v0_2.zip,atlas_pilot_5_cases_v0_2/atlas_pilot_porsche_911_v0_1/evidence.yaml,13455,636,09334b81
atlas_pilot_5_cases_v0_2.zip,atlas_pilot_5_cases_v0_2/atlas_pilot_porsche_911_v0_1/predicates.yaml,1351,255,bceba55b
atlas_pilot_5_cases_v0_2.zip,atlas_pilot_5_cases_v0_2/atlas_pilot_porsche_911_v0_1/VALIDATION.md,1131,643,6d96c797
atlas_pilot_5_cases_v0_2.zip,atlas_pilot_5_cases_v0_2/atlas_pilot_porsche_911_v0_1/sources.yaml,2490,836,65f447af
atlas_pilot_5_cases_v0_2.zip,atlas_pilot_5_cases_v0_2/atlas_pilot_porsche_911_v0_1/events.yaml,1163,275,9a1a289e
atlas_pilot_5_cases_v0_2.zip,atlas_pilot_5_cases_v0_2/atlas_pilot_porsche_911_v0_1/claims.yaml,8004,569,4d548778
atlas_pilot_5_cases_v0_2.zip,atlas_pilot_5_cases_v0_2/atlas_pilot_porsche_911_v0_1/statements.yaml,7125,674,a3140a34
atlas_pilot_5_cases_v0_2.zip,atlas_pilot_5_cases_v0_2/atlas_pilot_porsche_911_v0_1/README.md,977,551,daa2b703
atlas_pilot_5_cases_v0_2.zip,atlas_pilot_5_cases_v0_2/atlas_pilot_porsche_911_v0_1/manifest.yaml,856,520,79f78d2a
atlas_pilot_5_cases_v0_2.zip,atlas_pilot_5_cases_v0_2/atlas_pilot_porsche_911_v0_1/acceptance_tests.yaml,1373,638,45dd09ff
atlas_pilot_5_cases_v0_2.zip,atlas_pilot_5_cases_v0_2/atlas_pilot_porsche_911_v0_1/entities.yaml,3816,752,37cd8691
atlas_pilot_5_cases_v0_2.zip,atlas_pilot_5_cases_v0_2/atlas_pilot_gurgel_br800_v0_1/evidence.yaml,3333,226,8008ef5e
atlas_pilot_5_cases_v0_2.zip,atlas_pilot_5_cases_v0_2/atlas_pilot_gurgel_br800_v0_1/predicates.yaml,262,125,a4633487
atlas_pilot_5_cases_v0_2.zip,atlas_pilot_5_cases_v0_2/atlas_pilot_gurgel_br800_v0_1/sources.yaml,1098,465,2ff86a20
atlas_pilot_5_cases_v0_2.zip,atlas_pilot_5_cases_v0_2/atlas_pilot_gurgel_br800_v0_1/events.yaml,793,220,36dbb553
atlas_pilot_5_cases_v0_2.zip,atlas_pilot_5_cases_v0_2/atlas_pilot_gurgel_br800_v0_1/claims.yaml,2436,248,8a5fa4e6
atlas_pilot_5_cases_v0_2.zip,atlas_pilot_5_cases_v0_2/atlas_pilot_gurgel_br800_v0_1/statements.yaml,2896,436,961aa517
atlas_pilot_5_cases_v0_2.zip,atlas_pilot_5_cases_v0_2/atlas_pilot_gurgel_br800_v0_1/README.md,480,313,b9f2d780
atlas_pilot_5_cases_v0_2.zip,atlas_pilot_5_cases_v0_2/atlas_pilot_gurgel_br800_v0_1/manifest.yaml,538,342,a38082dc
atlas_pilot_5_cases_v0_2.zip,atlas_pilot_5_cases_v0_2/atlas_pilot_gurgel_br800_v0_1/acceptance_tests.yaml,498,260,5a76d508
atlas_pilot_5_cases_v0_2.zip,atlas_pilot_5_cases_v0_2/atlas_pilot_gurgel_br800_v0_1/entities.yaml,904,320,2a859a67
atlas_pilot_ford_model_t_v0_1.zip,atlas_pilot_ford_model_t_v0_1/README.md,465,298,0b93b80b
atlas_pilot_ford_model_t_v0_1.zip,atlas_pilot_ford_model_t_v0_1/acceptance_tests.yaml,406,229,2681f84c
atlas_pilot_ford_model_t_v0_1.zip,atlas_pilot_ford_model_t_v0_1/claims.yaml,1508,192,a182f8e5
atlas_pilot_ford_model_t_v0_1.zip,atlas_pilot_ford_model_t_v0_1/entities.yaml,756,280,e2f826d9
atlas_pilot_ford_model_t_v0_1.zip,atlas_pilot_ford_model_t_v0_1/events.yaml,702,245,534253d0
atlas_pilot_ford_model_t_v0_1.zip,atlas_pilot_ford_model_t_v0_1/evidence.yaml,2101,189,6ebd4da8
atlas_pilot_ford_model_t_v0_1.zip,atlas_pilot_ford_model_t_v0_1/manifest.yaml,521,331,92715a99
atlas_pilot_ford_model_t_v0_1.zip,atlas_pilot_ford_model_t_v0_1/predicates.yaml,165,96,3290509a
atlas_pilot_ford_model_t_v0_1.zip,atlas_pilot_ford_model_t_v0_1/sources.yaml,424,201,da474028
atlas_pilot_ford_model_t_v0_1.zip,atlas_pilot_ford_model_t_v0_1/statements.yaml,2429,399,be27e93a
atlas_pilot_gurgel_br800_v0_1.zip,atlas_pilot_gurgel_br800_v0_1/README.md,480,313,b9f2d780
atlas_pilot_gurgel_br800_v0_1.zip,atlas_pilot_gurgel_br800_v0_1/acceptance_tests.yaml,498,260,5a76d508
atlas_pilot_gurgel_br800_v0_1.zip,atlas_pilot_gurgel_br800_v0_1/claims.yaml,2436,248,8a5fa4e6
atlas_pilot_gurgel_br800_v0_1.zip,atlas_pilot_gurgel_br800_v0_1/entities.yaml,904,320,2a859a67
atlas_pilot_gurgel_br800_v0_1.zip,atlas_pilot_gurgel_br800_v0_1/events.yaml,793,220,36dbb553
atlas_pilot_gurgel_br800_v0_1.zip,atlas_pilot_gurgel_br800_v0_1/evidence.yaml,3333,226,8008ef5e
atlas_pilot_gurgel_br800_v0_1.zip,atlas_pilot_gurgel_br800_v0_1/manifest.yaml,538,342,a38082dc
atlas_pilot_gurgel_br800_v0_1.zip,atlas_pilot_gurgel_br800_v0_1/predicates.yaml,262,125,a4633487
atlas_pilot_gurgel_br800_v0_1.zip,atlas_pilot_gurgel_br800_v0_1/sources.yaml,1098,465,2ff86a20
atlas_pilot_gurgel_br800_v0_1.zip,atlas_pilot_gurgel_br800_v0_1/statements.yaml,2896,436,961aa517
atlas_pilot_nurburgring_v0_1.zip,atlas_pilot_nurburgring_v0_1/README.md,537,326,cc59d5fd
atlas_pilot_nurburgring_v0_1.zip,atlas_pilot_nurburgring_v0_1/acceptance_tests.yaml,526,276,aceab625
atlas_pilot_nurburgring_v0_1.zip,atlas_pilot_nurburgring_v0_1/claims.yaml,2900,270,7e828587
atlas_pilot_nurburgring_v0_1.zip,atlas_pilot_nurburgring_v0_1/entities.yaml,942,280,a0908817
atlas_pilot_nurburgring_v0_1.zip,atlas_pilot_nurburgring_v0_1/events.yaml,717,240,543cf9da
atlas_pilot_nurburgring_v0_1.zip,atlas_pilot_nurburgring_v0_1/evidence.yaml,4011,239,6257a6ad
atlas_pilot_nurburgring_v0_1.zip,atlas_pilot_nurburgring_v0_1/manifest.yaml,593,367,38c33df1
atlas_pilot_nurburgring_v0_1.zip,atlas_pilot_nurburgring_v0_1/predicates.yaml,151,86,a782d6a8
atlas_pilot_nurburgring_v0_1.zip,atlas_pilot_nurburgring_v0_1/sources.yaml,621,270,bd0dd07a
atlas_pilot_nurburgring_v0_1.zip,atlas_pilot_nurburgring_v0_1/statements.yaml,2789,433,0042a50a
atlas_pilot_nurburgring_v0_2.zip,atlas_pilot_nurburgring_v0_2/events.yaml,717,240,543cf9da
atlas_pilot_nurburgring_v0_2.zip,atlas_pilot_nurburgring_v0_2/claims.yaml,2900,268,dd25bec2
atlas_pilot_nurburgring_v0_2.zip,atlas_pilot_nurburgring_v0_2/statements.yaml,2712,413,907af330
atlas_pilot_nurburgring_v0_2.zip,atlas_pilot_nurburgring_v0_2/manifest.yaml,284,211,ded3b2d5
atlas_pilot_nurburgring_v0_2.zip,atlas_pilot_nurburgring_v0_2/evidence.yaml,3561,227,416faf5a
atlas_pilot_nurburgring_v0_2.zip,atlas_pilot_nurburgring_v0_2/sources.yaml,621,270,bd0dd07a
atlas_pilot_nurburgring_v0_2.zip,atlas_pilot_nurburgring_v0_2/predicates.yaml,124,76,f5fc2951
atlas_pilot_nurburgring_v0_2.zip,atlas_pilot_nurburgring_v0_2/acceptance_tests.yaml,505,264,f3247068
atlas_pilot_nurburgring_v0_2.zip,atlas_pilot_nurburgring_v0_2/entities.yaml,942,280,a0908817
atlas_pilot_nurburgring_v0_2.zip,atlas_pilot_nurburgring_v0_2/README.md,227,182,abf84d9c
atlas_pilot_porsche_911_v0_1.zip,atlas_pilot_porsche_911_v0_1/README.md,977,551,daa2b703
atlas_pilot_porsche_911_v0_1.zip,atlas_pilot_porsche_911_v0_1/VALIDATION.md,1131,643,6d96c797
atlas_pilot_porsche_911_v0_1.zip,atlas_pilot_porsche_911_v0_1/acceptance_tests.yaml,1373,638,45dd09ff
atlas_pilot_porsche_911_v0_1.zip,atlas_pilot_porsche_911_v0_1/claims.yaml,8004,569,4d548778
atlas_pilot_porsche_911_v0_1.zip,atlas_pilot_porsche_911_v0_1/entities.yaml,3816,752,37cd8691
atlas_pilot_porsche_911_v0_1.zip,atlas_pilot_porsche_911_v0_1/events.yaml,1163,275,9a1a289e
atlas_pilot_porsche_911_v0_1.zip,atlas_pilot_porsche_911_v0_1/evidence.yaml,13455,636,09334b81
atlas_pilot_porsche_911_v0_1.zip,atlas_pilot_porsche_911_v0_1/manifest.yaml,856,520,79f78d2a
atlas_pilot_porsche_911_v0_1.zip,atlas_pilot_porsche_911_v0_1/predicates.yaml,1351,255,bceba55b
atlas_pilot_porsche_911_v0_1.zip,atlas_pilot_porsche_911_v0_1/sources.yaml,2490,836,65f447af
atlas_pilot_porsche_911_v0_1.zip,atlas_pilot_porsche_911_v0_1/statements.yaml,7125,674,a3140a34
atlas_pilot_porsche_917_v0_1.zip,atlas_pilot_porsche_917_v0_1/README.md,1735,890,ae01ca6a
atlas_pilot_porsche_917_v0_1.zip,atlas_pilot_porsche_917_v0_1/VALIDATION.md,1984,995,fe01ff96
atlas_pilot_porsche_917_v0_1.zip,atlas_pilot_porsche_917_v0_1/claims.yaml,8700,616,da182670
atlas_pilot_porsche_917_v0_1.zip,atlas_pilot_porsche_917_v0_1/entities.yaml,3274,836,c465fd25
atlas_pilot_porsche_917_v0_1.zip,atlas_pilot_porsche_917_v0_1/entries.yaml,302,169,6d88c247
atlas_pilot_porsche_917_v0_1.zip,atlas_pilot_porsche_917_v0_1/events.yaml,765,226,e6fe9276
atlas_pilot_porsche_917_v0_1.zip,atlas_pilot_porsche_917_v0_1/evidence.yaml,14239,824,be350092
atlas_pilot_porsche_917_v0_1.zip,atlas_pilot_porsche_917_v0_1/manifest.yaml,615,386,e4a0114e
atlas_pilot_porsche_917_v0_1.zip,atlas_pilot_porsche_917_v0_1/predicates.yaml,2690,486,76a00d88
atlas_pilot_porsche_917_v0_1.zip,atlas_pilot_porsche_917_v0_1/sources.yaml,3080,1143,a4d0d29a
atlas_pilot_porsche_917_v0_1.zip,atlas_pilot_porsche_917_v0_1/statements.yaml,7199,742,1344dabe
atlas_scope_roadmap_v1_0.zip,atlas_scope_roadmap_v1_0/ATLAS_SCOPE_FREEZE_v1.0.md,3764,1811,0cce0c66
atlas_scope_roadmap_v1_0.zip,atlas_scope_roadmap_v1_0/ATLAS_ROADMAP_v1.0.md,4085,1988,5e43c6b0
atlas_scope_roadmap_v1_0.zip,atlas_scope_roadmap_v1_0/SQLITE_BAKEOFF_REPORT.md,3389,1204,a46d1ff5
atlas_scope_roadmap_v1_0.zip,atlas_scope_roadmap_v1_0/ATLAS_TOOL_BAKEOFF_v0.1.md,4635,2218,790f3375
atlas_scope_roadmap_v1_0.zip,atlas_scope_roadmap_v1_0/acceptance_results.json,2172,560,628842b3
atlas_scope_roadmap_v1_0.zip,atlas_scope_roadmap_v1_0/atlas_pilot_canonical_v0_3.sqlite,192512,25785,d86006cb
atlas_scope_roadmap_v1_0.zip,atlas_scope_roadmap_v1_0/portable_csv/entity_redirect.csv,120,101,90f76578
atlas_scope_roadmap_v1_0.zip,atlas_scope_roadmap_v1_0/portable_csv/statement.csv,13574,2001,d1dae03a
atlas_scope_roadmap_v1_0.zip,atlas_scope_roadmap_v1_0/portable_csv/evidence.csv,30769,1545,9394cb06
atlas_scope_roadmap_v1_0.zip,atlas_scope_roadmap_v1_0/portable_csv/source.csv,6245,2390,b0c27458
atlas_scope_roadmap_v1_0.zip,atlas_scope_roadmap_v1_0/portable_csv/claim_evidence.csv,6860,900,438e50c0
atlas_scope_roadmap_v1_0.zip,atlas_scope_roadmap_v1_0/portable_csv/claim.csv,11624,1065,00934851
atlas_scope_roadmap_v1_0.zip,atlas_scope_roadmap_v1_0/portable_csv/entity.csv,12294,2735,6a4dffe8
atlas_sqlite_bakeoff_v0_1.zip,atlas_sqlite_bakeoff_v0_1/SQLITE_BAKEOFF_REPORT.md,3389,1204,a46d1ff5
atlas_sqlite_bakeoff_v0_1.zip,atlas_sqlite_bakeoff_v0_1/acceptance_results.json,2172,560,628842b3
atlas_sqlite_bakeoff_v0_1.zip,atlas_sqlite_bakeoff_v0_1/atlas_pilot_canonical_v0_3.sqlite,192512,25785,d86006cb
atlas_tool_bakeoff_v0_2.zip,atlas_tool_bakeoff_v0_2/ATLAS_TOOL_BAKEOFF_v0.2.md,5550,2588,f2d494c8
atlas_tool_bakeoff_v0_2.zip,atlas_tool_bakeoff_v0_2/SUPPORTING_TOOLS.md,1634,899,d5318137
atlas_tool_bakeoff_v0_2.zip,atlas_tool_bakeoff_v0_2/ATLAS_TOOL_SCORECARD.csv,1345,788,3a0da39e
atlas_tool_bakeoff_v0_2.zip,atlas_tool_bakeoff_v0_2/README.md,415,269,ff762453
atlas_tool_bakeoff_v0_2.zip,atlas_tool_bakeoff_v0_2/mappings/heurist/statements_for_heurist.csv,15996,2238,8e703871
atlas_tool_bakeoff_v0_2.zip,atlas_tool_bakeoff_v0_2/mappings/heurist/sources_for_heurist.csv,6104,2410,bc88563a
atlas_tool_bakeoff_v0_2.zip,atlas_tool_bakeoff_v0_2/mappings/heurist/HEURIST_MAPPING.md,1891,910,5c1e61d0
atlas_tool_bakeoff_v0_2.zip,atlas_tool_bakeoff_v0_2/mappings/heurist/entities_for_heurist.csv,11823,2730,6cf151ca
atlas_tool_bakeoff_v0_2.zip,atlas_tool_bakeoff_v0_2/mappings/nodegoat/NODEGOAT_MAPPING.md,1554,825,603bbe62
atlas_tool_bakeoff_v0_2.zip,atlas_tool_bakeoff_v0_2/mappings/nodegoat/statements_for_nodegoat.csv,15996,2238,8e703871
atlas_tool_bakeoff_v0_2.zip,atlas_tool_bakeoff_v0_2/mappings/nodegoat/sources_for_nodegoat.csv,4589,1766,5e414ccc
atlas_tool_bakeoff_v0_2.zip,atlas_tool_bakeoff_v0_2/mappings/nodegoat/entities_for_nodegoat.csv,11823,2730,6cf151ca
atlas_tool_bakeoff_v0_2.zip,atlas_tool_bakeoff_v0_2/mappings/wikibase/statements_for_openrefine.csv,15996,2238,8e703871
atlas_tool_bakeoff_v0_2.zip,atlas_tool_bakeoff_v0_2/mappings/wikibase/WIKIBASE_MAPPING.md,1997,969,85c3d44c
atlas_tool_bakeoff_v0_2.zip,atlas_tool_bakeoff_v0_2/mappings/wikibase/items_for_openrefine.csv,7605,1993,892dcf49
atlas_tool_bakeoff_v0_2.zip,atlas_tool_bakeoff_v0_2/mappings/wikibase/proposed_properties.csv,1136,555,75dc4968
