legacy_id,canonical_uuid,object_kind,source_dataset
gurgel:clm_000001,01a01016-ea57-7e7c-9298-bc494491f3be,claim,gurgel
gurgel:clm_000002,01a01016-ea57-73bc-8dce-e74b0221fd75,claim,gurgel
gurgel:clm_000003,01a01016-ea57-7a1f-adbb-f6f2813a04f9,claim,gurgel
gurgel:clm_000004,01a01016-ea57-7f16-97e8-ffce9249350f,claim,gurgel
gurgel:clm_000005,01a01016-ea57-7614-b624-94e0ba9a1fdb,claim,gurgel
gurgel:clm_000006,01a01016-ea57-7768-bda8-f73e649b15e4,claim,gurgel
gurgel:clm_000007,01a01016-ea57-7b72-a246-1e680de530c2,claim,gurgel
gurgel:clm_000008,01a01016-ea57-792c-ab05-19af237d643e,claim,gurgel
gurgel:clm_000009,01a01016-ea57-7914-8999-092e3b117152,claim,gurgel
gurgel:clm_000010,01a01016-ea57-7719-b4b2-6c47e16ee927,claim,gurgel
gurgel:clm_000011,01a01016-ea57-7384-a9e8-7f258009e1ab,claim,gurgel
gurgel:clm_000012,01a01016-ea57-73a8-8bfb-546234dbae69,claim,gurgel
gurgel:clm_000013,01a01016-ea57-7d88-8430-68c1e6f3601c,claim,gurgel
gurgel:clm_000014,01a01016-ea57-7f06-858f-a9e3fae8a164,claim,gurgel
gurgel:clm_000015,01a01016-ea57-7956-8099-4567ff51b527,claim,gurgel
gurgel:clm_000016,01a01016-ea57-7dd8-8c33-03986939cc05,claim,gurgel
gurgel:clm_000017,01a01016-ea57-7643-aa57-e4114091c4d7,claim,gurgel
gurgel:clm_000018,01a01016-ea57-7ed3-8a6d-ad07ca6f9c00,claim,gurgel
gurgel:clm_000019,01a01016-ea57-7171-8cc1-8417d82f0671,claim,gurgel
gurgel:clm_000020,01a01016-ea57-7f21-9708-3594b95423e8,claim,gurgel
gurgel:clm_000021,01a01016-ea57-7ade-97e7-c992bb140d1d,claim,gurgel
modelt:clm_000001,01a01016-ea57-78a6-9f31-0eb59e9b608a,claim,modelt
modelt:clm_000002,01a01016-ea57-7976-ae73-4ba3d193f6f7,claim,modelt
modelt:clm_000003,01a01016-ea57-73e4-9efc-097b54e63fb6,claim,modelt
modelt:clm_000004,01a01016-ea57-7586-a78f-97245a510e19,claim,modelt
modelt:clm_000005,01a01016-ea57-7b04-9474-0472b8e5a964,claim,modelt
modelt:clm_000006,01a01016-ea58-79ac-927d-eafa06a4d29b,claim,modelt
modelt:clm_000007,01a01016-ea58-7fe1-9dd8-b0e5a793d26d,claim,modelt
modelt:clm_000008,01a01016-ea58-7cbd-836b-4b25b3fab9ec,claim,modelt
modelt:clm_000009,01a01016-ea58-7942-ab28-49a2ac13b429,claim,modelt
modelt:clm_000010,01a01016-ea58-74c7-af62-2c51103d728d,claim,modelt
modelt:clm_000011,01a01016-ea58-7611-a39a-11937b4da9e9,claim,modelt
modelt:clm_000012,01a01016-ea58-7601-b9d3-e1f0f18f91eb,claim,modelt
modelt:clm_000013,01a01016-ea58-704c-b3f1-b22a495572eb,claim,modelt
p911:clm_000100,01a01016-ea58-7358-82b3-c593cdcc02a6,claim,p911
p911:clm_000101,01a01016-ea58-7e32-bb2f-58e8bcb0f590,claim,p911
p911:clm_000102,01a01016-ea58-7e73-b426-c536642dc204,claim,p911
p911:clm_000103,01a01016-ea58-78af-918b-e77c44254ea5,claim,p911
p911:clm_000104,01a01016-ea58-7134-92b3-6b30c4437636,claim,p911
p911:clm_000105,01a01016-ea58-72b8-a552-d5c8e446b38c,claim,p911
p911:clm_000106,01a01016-ea58-7c47-b3da-ca399d615113,claim,p911
p911:clm_000107,01a01016-ea58-70a0-8e97-b85aed154950,claim,p911
p911:clm_000108,01a01016-ea58-7022-994e-cf58cfa4ea79,claim,p911
p911:clm_000109,01a01016-ea58-726a-a4b7-f3970d8970ec,claim,p911
p911:clm_000110,01a01016-ea58-7910-a0bd-84a268397715,claim,p911
p911:clm_000111,01a01016-ea58-7571-b5c2-ed10d0f56269,claim,p911
p911:clm_000112,01a01016-ea58-760e-8764-ed49ee367952,claim,p911
p911:clm_000113,01a01016-ea58-7dc4-87aa-8af44a01fc84,claim,p911
p911:clm_000114,01a01016-ea58-7878-9f21-49d8685dc774,claim,p911
p911:clm_000115,01a01016-ea58-74e3-beb7-08d90de9b2a5,claim,p911
p911:clm_000116,01a01016-ea58-7bfc-a89d-edc56eaf840a,claim,p911
p911:clm_000117,01a01016-ea58-7cb2-81c7-09fd738a4b39,claim,p911
p911:clm_000118,01a01016-ea58-798c-9a38-101182734a63,claim,p911
p911:clm_000119,01a01016-ea58-793e-be98-4048028ae802,claim,p911
p911:clm_000120,01a01016-ea58-7921-a1be-f2ab164f5965,claim,p911
p911:clm_000121,01a01016-ea58-7fea-b3f5-5da1f1d6e1c3,claim,p911
p911:clm_000122,01a01016-ea58-7970-bb75-5dc27bb3b70d,claim,p911
p911:clm_000123,01a01016-ea58-7a17-acb8-45edd622cd6c,claim,p911
p911:clm_000124,01a01016-ea58-77f5-9a60-54fec8baf93a,claim,p911
p911:clm_000125,01a01016-ea58-7d06-b7c8-40c4169ee8ed,claim,p911
p911:clm_000126,01a01016-ea58-7273-afda-dd9cec0fed3d,claim,p911
p911:clm_000127,01a01016-ea58-7d29-ada4-079796f2154f,claim,p911
p911:clm_000128,01a01016-ea58-757b-bd1a-54e7abf0f71a,claim,p911
p911:clm_000129,01a01016-ea58-71f7-a761-9b6c160fde55,claim,p911
p911:clm_000130,01a01016-ea58-733e-b5a1-acd9244db78b,claim,p911
p911:clm_000131,01a01016-ea58-7266-a9d3-24c97cc7a32a,claim,p911
p911:clm_000132,01a01016-ea58-7379-af60-c3ce698cb249,claim,p911
p911:clm_000133,01a01016-ea58-7cf7-a0f5-e13ac2503ddd,claim,p911
p911:clm_000134,01a01016-ea58-7f65-b26c-8f470e9ddbc5,claim,p911
p911:clm_000135,01a01016-ea58-78dc-9beb-d69721ed8947,claim,p911
p911:clm_000136,01a01016-ea58-73ad-9933-1852964c6b53,claim,p911
p911:clm_000137,01a01016-ea58-7489-b217-b998989b838f,claim,p911
p911:clm_000138,01a01016-ea58-7fa5-8867-2994d513c113,claim,p911
p911:clm_000139,01a01016-ea58-7ea5-b53d-87cd0123a1e7,claim,p911
p911:clm_000140,01a01016-ea58-794c-9c4b-18c4dde42d5f,claim,p911
p911:clm_000141,01a01016-ea59-7071-b80a-360c8ac99e72,claim,p911
p911:clm_000142,01a01016-ea59-7d95-b984-0752cffca7a6,claim,p911
p911:clm_000143,01a01016-ea59-790b-82b5-ecb628d0589a,claim,p911
p911:clm_000144,01a01016-ea59-7125-944a-2f36cb84abae,claim,p911
p911:clm_000145,01a01016-ea59-71ed-beda-4ceaa50505f6,claim,p911
p911:clm_000146,01a01016-ea59-7963-a130-983ff9461ba4,claim,p911
p911:clm_000147,01a01016-ea59-74af-89f0-7516e3064f05,claim,p911
p911:clm_000148,01a01016-ea59-711f-ba34-2647f401dca0,claim,p911
p911:clm_000149,01a01016-ea59-76a5-80a6-ea36800a7ff7,claim,p911
p911:clm_000150,01a01016-ea59-796a-b662-5f0dc04d049d,claim,p911
p911:clm_000151,01a01016-ea59-732d-8ecb-16c360e3f733,claim,p911
p911:clm_000152,01a01016-ea59-78e5-964c-3dfdb599bdb4,claim,p911
p911:clm_000153,01a01016-ea59-7c22-91ca-c2f5b8906d53,claim,p911
p911:clm_000154,01a01016-ea59-71d2-85fe-53d7cd6aaa83,claim,p911
p911:clm_000155,01a01016-ea59-7e93-b37a-6c37ba93303f,claim,p911
p911:clm_000156,01a01016-ea59-7c20-bf53-a4a6d97fabae,claim,p911
p911:clm_000157,01a01016-ea59-7ba2-ad7e-640dfb9c9065,claim,p911
p911:clm_000158,01a01016-ea59-70c6-9563-46d26fbe6fad,claim,p911
p911:clm_000159,01a01016-ea59-7009-8799-90a50a64586d,claim,p911
p911:clm_000160,01a01016-ea59-79ba-a67a-ecdfd41321f4,claim,p911
p911:clm_000161,01a01016-ea59-792f-ae17-8bad5611b32e,claim,p911
p911:clm_000162,01a01016-ea59-73de-84ef-b0de3e43027d,claim,p911
p911:clm_000163,01a01016-ea59-78bf-9082-9af6bf4cea71,claim,p911
p911:clm_000164,01a01016-ea59-7926-87e0-0f23997b771b,claim,p911
p911:clm_000165,01a01016-ea59-7f3e-8b46-2303bf431ea4,claim,p911
p911:clm_000166,01a01016-ea59-7433-bced-95733c2dc1f4,claim,p911
p911:clm_000167,01a01016-ea59-7398-a6be-f93b9cb53a40,claim,p911
p911:clm_000168,01a01016-ea59-7705-830b-7eefbf9b9464,claim,p911
p917:clm_000001,01a01016-ea59-720b-96a5-25828bc0eada,claim,p917
p917:clm_000002,01a01016-ea59-7693-993e-cb80c62fedf8,claim,p917
p917:clm_000003,01a01016-ea59-700e-b90b-b575781a6dc2,claim,p917
p917:clm_000004,01a01016-ea59-7007-89e3-184f3eaa0dfd,claim,p917
p917:clm_000005,01a01016-ea59-7746-9de3-cd90eae8bac1,claim,p917
p917:clm_000006,01a01016-ea59-719f-acc9-a09a1a90f8a7,claim,p917
p917:clm_000007,01a01016-ea59-79e7-8f60-490b6b4eb4e2,claim,p917
p917:clm_000008,01a01016-ea59-7494-ba10-d21f07038ac4,claim,p917
p917:clm_000009,01a01016-ea59-7aa1-a2fb-ab5a46b60137,claim,p917
p917:clm_000010,01a01016-ea59-7714-8aef-37422dd8412c,claim,p917
p917:clm_000011,01a01016-ea59-733e-a54a-a64df19770f2,claim,p917
p917:clm_000012,01a01016-ea59-7254-92c1-39e13ac97664,claim,p917
p917:clm_000013,01a01016-ea59-78a0-9b63-2ea9c9942695,claim,p917
p917:clm_000014,01a01016-ea59-7918-8f9b-b4518e6c8ed2,claim,p917
p917:clm_000015,01a01016-ea59-7f14-a002-86d73e7e9a7d,claim,p917
p917:clm_000016,01a01016-ea59-7eee-bfff-72e377d45c87,claim,p917
p917:clm_000017,01a01016-ea59-7b18-a62c-809852a4e728,claim,p917
p917:clm_000018,01a01016-ea59-7c94-b689-d1146d1e9117,claim,p917
p917:clm_000019,01a01016-ea59-7268-9654-221384c9cfec,claim,p917
p917:clm_000020,01a01016-ea59-7766-9079-e23e12f2591e,claim,p917
p917:clm_000021,01a01016-ea59-7f54-9161-7a1cb5bdd340,claim,p917
p917:clm_000022,01a01016-ea59-7ee0-8f0e-3f139926b3be,claim,p917
p917:clm_000023,01a01016-ea5a-70a7-af48-52dd4f702c2c,claim,p917
p917:clm_000024,01a01016-ea5a-73bb-9f0c-3fcb7d1d58f1,claim,p917
p917:clm_000025,01a01016-ea5a-729d-81d7-4cc8adf2ecdf,claim,p917
p917:clm_000026,01a01016-ea5a-7ec8-b1bd-ea3a7903b773,claim,p917
p917:clm_000027,01a01016-ea5a-7fe6-bc3c-145e142d8276,claim,p917
p917:clm_000028,01a01016-ea5a-7edd-a0df-8f9e2165c227,claim,p917
p917:clm_000029,01a01016-ea5a-752f-bf6c-935f9e46a8f3,claim,p917
p917:clm_000030,01a01016-ea5a-7a7a-b019-d21c1ca6389c,claim,p917
p917:clm_000031,01a01016-ea5a-73ec-af97-11cc901a729e,claim,p917
p917:clm_000032,01a01016-ea5a-71ad-b0d3-d40b50dfaaf0,claim,p917
p917:clm_000033,01a01016-ea5a-7a0b-92b8-2a26e4900959,claim,p917
p917:clm_000034,01a01016-ea5a-781e-9781-9b5a4320a42b,claim,p917
p917:clm_000035,01a01016-ea5a-7f16-98be-7e42eabac782,claim,p917
p917:clm_000036,01a01016-ea5a-7426-aa82-746cb508f125,claim,p917
p917:clm_000037,01a01016-ea5a-71c2-9809-86f0b53605f5,claim,p917
p917:clm_000038,01a01016-ea5a-7923-8518-c0f3922b7bff,claim,p917
p917:clm_000039,01a01016-ea5a-7218-a2cf-68b70e4bf007,claim,p917
p917:clm_000040,01a01016-ea5a-765a-8638-b7d32e814ecc,claim,p917
p917:clm_000041,01a01016-ea5a-7a31-909b-12ad5da989b9,claim,p917
p917:clm_000042,01a01016-ea5a-738c-8eb3-a1ab9fda2211,claim,p917
p917:clm_000043,01a01016-ea5a-7f58-9b68-9854c7ff4ec8,claim,p917
p917:clm_000044,01a01016-ea5a-7acc-87e9-bb294ce06c80,claim,p917
p917:clm_000045,01a01016-ea5a-7c0e-b3ef-b180c1b9da87,claim,p917
p917:clm_000046,01a01016-ea5a-7d0a-a836-cf74b1f37319,claim,p917
p917:clm_000047,01a01016-ea5a-706c-af88-eecd0f6ed88d,claim,p917
p917:clm_000048,01a01016-ea5a-71e3-bd8f-8457cb611622,claim,p917
p917:clm_000049,01a01016-ea5a-732f-904a-2317ee453f11,claim,p917
p917:clm_000050,01a01016-ea5a-78e4-a5bb-3181290782df,claim,p917
p917:clm_000051,01a01016-ea5a-7b3b-ad3b-6b97dc7cc621,claim,p917
p917:clm_000052,01a01016-ea5a-7dac-8f7b-775e48a8744d,claim,p917
p917:clm_000053,01a01016-ea5a-76e0-87d5-81379efcc8aa,claim,p917
p917:clm_000054,01a01016-ea5a-78c3-8d83-a811394b58c3,claim,p917
p917:clm_000055,01a01016-ea5a-73f1-90a8-05982018880c,claim,p917
p917:clm_000056,01a01016-ea5a-7682-a6b1-aec8ae9c7794,claim,p917
p917:clm_000057,01a01016-ea5a-7238-b104-2c174e8ddb68,claim,p917
p917:clm_000058,01a01016-ea5a-7b8c-9d94-334567e27494,claim,p917
p917:clm_000059,01a01016-ea5a-7456-8ac7-f20a81fc0fd1,claim,p917
p917:clm_000060,01a01016-ea5a-7e57-b5ea-6f540d15d570,claim,p917
p917:clm_000061,01a01016-ea5a-74c6-b634-768d43dec070,claim,p917
p917:clm_000062,01a01016-ea5a-7076-913a-09a061a853cd,claim,p917
p917:clm_000063,01a01016-ea5a-755a-9416-85b1f987c685,claim,p917
p917:clm_000064,01a01016-ea5a-704a-81af-d2dabb4dd93e,claim,p917
p917:clm_000065,01a01016-ea5a-70a6-b918-bd62d27f365d,claim,p917
p917:clm_000066,01a01016-ea5a-75c8-865d-589b1b360c63,claim,p917
p917:clm_000067,01a01016-ea5a-7cce-921b-caed4407e5bf,claim,p917
p917:clm_000068,01a01016-ea5a-7ca0-b2a1-c6335684145f,claim,p917
p917:clm_000069,01a01016-ea5a-79b3-a637-eaa70dd3826e,claim,p917
p917:clm_000070,01a01016-ea5a-732a-8a8d-bfa7dd80b3f6,claim,p917
p917:clm_000071,01a01016-ea5a-7755-ab53-21be6b17cd6e,claim,p917
p917:clm_000072,01a01016-ea5a-7124-9fd9-48719faa36b1,claim,p917
p917:clm_000073,01a01016-ea5a-7b99-a85e-a47ad716db07,claim,p917
p917:clm_000074,01a01016-ea5a-7e3c-a2d8-a333214ba674,claim,p917
p917:clm_000075,01a01016-ea5a-7553-b8da-a7a98e676703,claim,p917
ring:clm_nr_001,01a01016-ea5a-79e6-abdf-19ca90f9d068,claim,ring
ring:clm_nr_002,01a01016-ea5a-7014-9727-5fddd1399967,claim,ring
ring:clm_nr_003,01a01016-ea5b-78f1-be72-4efb6ddb402d,claim,ring
ring:clm_nr_004,01a01016-ea5b-7c1a-8cf3-ff3ef586b40a,claim,ring
ring:clm_nr_005,01a01016-ea5b-7d2c-81fb-e1fadbda8b99,claim,ring
ring:clm_nr_006,01a01016-ea5b-730f-8c62-b7b836cc4251,claim,ring
ring:clm_nr_007,01a01016-ea5b-79e8-80cc-27a0d346eed5,claim,ring
ring:clm_nr_008,01a01016-ea5b-7e32-ba16-c810469f723a,claim,ring
ring:clm_nr_009,01a01016-ea5b-7055-89ae-0518a5a2f786,claim,ring
ring:clm_nr_010,01a01016-ea5b-76d3-a899-982e0a668010,claim,ring
ring:clm_nr_011,01a01016-ea5b-71fa-a71e-d59bcbc3d6dc,claim,ring
ring:clm_nr_012,01a01016-ea5b-7dba-b69b-26fb3259ad84,claim,ring
ring:clm_nr_013,01a01016-ea5b-79e6-9811-5dbfa60a67b1,claim,ring
ring:clm_nr_014,01a01016-ea5b-7ec8-a682-fea43b4c2b62,claim,ring
ring:clm_nr_015,01a01016-ea5b-70e3-969f-58d64ea53f38,claim,ring
ring:clm_nr_016,01a01016-ea5b-7b2b-ae7a-6686b37d0b99,claim,ring
ring:clm_nr_017,01a01016-ea5b-785e-baed-00d6ae6bff61,claim,ring
ring:clm_nr_018,01a01016-ea5b-744c-99fe-46cebc6f2ad7,claim,ring
ring:clm_nr_019,01a01016-ea5b-712a-af62-97564cef331c,claim,ring
ring:clm_nr_020,01a01016-ea5b-7fdc-8fce-beb49c863344,claim,ring
ring:clm_nr_021,01a01016-ea5b-72b9-a314-e37b6b1595ad,claim,ring
ring:clm_nr_022,01a01016-ea5b-7d71-bd9d-12490a739efa,claim,ring
ring:clm_nr_023,01a01016-ea5b-7c95-a2f7-9198ad993930,claim,ring
ring:clm_nr_024,01a01016-ea5b-76c3-8907-9aec777c76c2,claim,ring
ring:clm_nr_025,01a01016-ea5b-72af-8c5c-cde2db9c48a1,claim,ring
gurgel:brd_gurgel,01a01016-ea4c-766d-827a-d7a4341a454d,entity,gurgel
gurgel:cmp_enertron,01a01016-ea4c-730d-b48d-0dc661cb9d75,entity,gurgel
gurgel:evt_br_end,01a01016-ea4c-7811-8273-49e04e67d96d,entity,gurgel
gurgel:evt_br_start,01a01016-ea4c-7569-9ec4-1eb11e3f3151,entity,gurgel
gurgel:evt_gurgel_bankruptcy,01a01016-ea4c-73c4-80b1-7c2c2bfd6a62,entity,gurgel
gurgel:evt_gurgel_close,01a01016-ea4c-7d91-94cb-ab7612f7e369,entity,gurgel
gurgel:evt_gurgel_concordata,01a01016-ea4c-72fc-b996-84522239a439,entity,gurgel
gurgel:org_gurgel,01a01016-ea4c-76b8-b2a8-c85cdee6e70e,entity,gurgel
gurgel:per_gurgel,01a01016-ea4c-73c1-87d0-37223d1c1ffb,entity,gurgel
gurgel:plc_brazil,01a01016-ea4c-74f0-8887-33a43af93e29,entity,gurgel
gurgel:plc_rioclaro,01a01016-ea4d-727c-ace2-5a5844c0c932,entity,gurgel
gurgel:veh_br800,01a01016-ea4d-7042-b42b-c2bb234aaefa,entity,gurgel
gurgel:veh_supermini,01a01016-ea4d-7d20-929c-5ce568072960,entity,gurgel
modelt:evt_first_delivery,01a01016-ea4d-71e7-8be4-b717819e18e1,entity,modelt
modelt:evt_highland_move,01a01016-ea4d-70f5-abd4-1548510b564e,entity,modelt
modelt:evt_modelt_end,01a01016-ea4d-7410-b64b-d3ecd10b22b1,entity,modelt
modelt:evt_moving_line,01a01016-ea4d-7ad4-b291-20a795711b61,entity,modelt
modelt:fac_highland,01a01016-ea4d-7efc-a092-49e059f1f4a7,entity,modelt
modelt:fac_piquette,01a01016-ea4d-7960-9f11-9be8b934f557,entity,modelt
modelt:org_ford,01a01016-ea4d-739b-9d06-20a647780fe2,entity,modelt
modelt:tec_moving_line,01a01016-ea4d-7446-b2ab-4135117dd02a,entity,modelt
modelt:tec_vanadium,01a01016-ea4d-773d-9dea-2578019aa364,entity,modelt
modelt:veh_modelt,01a01016-ea4d-7265-a55b-b35bdeb3909f,entity,modelt
p911:evt_000100,01a01016-ea4d-77a9-bf4a-7e2202142dba,entity,p911
p911:evt_000101,01a01016-ea4d-78ba-ae38-39f89229e5ee,entity,p911
p911:evt_000102,01a01016-ea4d-7e57-8ffc-fe0303c7d19b,entity,p911
p911:evt_000103,01a01016-ea4d-708d-b9ce-df3a19390ecb,entity,p911
p911:evt_000104,01a01016-ea4d-7114-9e02-1fc5bf40b16e,entity,p911
p911:evt_000105,01a01016-ea4d-7a99-8e89-0604ea365719,entity,p911
p911:evt_000106,01a01016-ea4d-7622-a20f-c161ae49ef00,entity,p911
p911:per_000100,01a01016-ea4d-7d5e-bd1b-907f0ec733c1,entity,p911
p911:per_000101,01a01016-ea4d-7397-8a59-8d3799b2d3ff,entity,p911
p911:tec_000101,01a01016-ea4d-7c35-9756-76cc5f5923c6,entity,p911
p911:tec_000102,01a01016-ea4d-7a26-8bc4-132ba83497c5,entity,p911
p911:veh_000100,01a01016-ea4d-7c5e-960d-4d958efad5e7,entity,p911
p911:veh_000101,01a01016-ea4d-74d7-9fc9-11e5b37d07f1,entity,p911
p911:veh_000102,01a01016-ea4d-7b71-98b3-3f71f2a0da5b,entity,p911
p911:veh_000103,01a01016-ea4d-7319-9f1b-4a0e30df07f1,entity,p911
p911:veh_000104,01a01016-ea4d-7b7b-84d8-84f93bffa1fc,entity,p911
p911:veh_000105,01a01016-ea4d-75cb-84ea-b42b494fd567,entity,p911
p911:veh_000106,01a01016-ea4d-7c4a-b0b1-e7693fee1c95,entity,p911
p911:veh_000107,01a01016-ea4d-7c22-8815-1ff28c101b01,entity,p911
p911:veh_000108,01a01016-ea4d-7094-bc6a-f8ffab816d4a,entity,p911
p911:veh_000109,01a01016-ea4d-7b60-be4e-3a92caa480ea,entity,p911
p911:veh_000110,01a01016-ea4d-748e-b4e3-a3da0660676a,entity,p911
p911:veh_000111,01a01016-ea4d-7fbf-b468-0d9691ea1228,entity,p911
p911:veh_000112,01a01016-ea4d-7031-8808-ae9c4aa17984,entity,p911
p917:cir_000001,01a01016-ea4d-7b16-b9c2-81254d105884,entity,p917
p917:cir_000002,01a01016-ea4d-71fc-b653-216f90f54ef0,entity,p917
p917:cmp_000001,01a01016-ea4d-7173-829c-002efcbf4c38,entity,p917
p917:com_000001,01a01016-ea4d-7088-9b79-91395007804f,entity,p917
p917:com_000002,01a01016-ea4d-70ad-9d98-ec4638835a98,entity,p917
p917:ent_000001,01a01016-ea4d-763b-928f-bb7bfad13e74,entity,p917
p917:ent_000002,01a01016-ea4d-7cd5-8a06-6def3265e1cf,entity,p917
p917:evt_000001,01a01016-ea4d-7440-b02a-c7e60a99d201,entity,p917
p917:evt_000002,01a01016-ea4d-7e54-87cd-e2040c1786e7,entity,p917
p917:evt_000003,01a01016-ea4e-7773-be00-13358fc1c566,entity,p917
p917:evt_000004,01a01016-ea4e-7aa6-862f-899f0079b924,entity,p917
p917:evt_000005,01a01016-ea4e-7244-a75a-690d8a4f8edf,entity,p917
p917:org_000001,01a01016-ea4e-7218-a646-042102986580,entity,p917
p917:per_000001,01a01016-ea4e-7957-8e03-34c482a35294,entity,p917
p917:per_000002,01a01016-ea4e-7290-91db-c64d4bd07c58,entity,p917
p917:per_000003,01a01016-ea4e-78db-95d0-5ebf2fcdfaf8,entity,p917
p917:per_000004,01a01016-ea4e-7d0d-b9a8-bc64b11f5aac,entity,p917
p917:per_000005,01a01016-ea4e-7045-8f22-9c6c06ba34d5,entity,p917
p917:team_000001,01a01016-ea4e-7e94-96bf-9c6446c961a2,entity,p917
p917:team_000002,01a01016-ea4e-76bc-8e5e-6c2482df21fb,entity,p917
p917:tec_000001,01a01016-ea4e-76d9-bc16-d2fb752accc6,entity,p917
p917:veh_000020,01a01016-ea4e-7a86-9dc9-72ee0ab1c448,entity,p917
p917:veh_000021,01a01016-ea4e-7f61-a75b-aff9632d7d7a,entity,p917
p917:veh_000022,01a01016-ea4e-7dca-85dc-5ad613f80bea,entity,p917
p917:veh_000023,01a01016-ea4e-7bee-8617-228ced532a8e,entity,p917
p917:veh_000024,01a01016-ea4e-77a7-8575-557f6ab94b97,entity,p917
p917:vin_000001,01a01016-ea4e-747b-9ba4-e560d648e4ef,entity,p917
p917:vin_000002,01a01016-ea4e-76dd-8b7e-a38a7a9a1e7e,entity,p917
ring:cir_ring,01a01016-ea4e-7f56-aca9-09797b86bd52,entity,ring
ring:evt_gp_extend2002,01a01016-ea4e-77ad-9cc2-358ec54ac39b,entity,ring
ring:evt_gp_open1984,01a01016-ea4e-732f-9b07-f12a0bff187a,entity,ring
ring:evt_rebuild1981,01a01016-ea4e-7caf-a1df-90d26f93db28,entity,ring
ring:evt_ring_open,01a01016-ea4e-7fb0-ad4e-b1ad2d5f5a72,entity,ring
ring:lay_gp1984,01a01016-ea4e-7180-ac81-89b804c1c48c,entity,ring
ring:lay_gp2002,01a01016-ea4e-75e3-b52c-1bde5e573967,entity,ring
ring:lay_nord1927,01a01016-ea4e-7868-a606-c18990d151ef,entity,ring
ring:lay_nord_current,01a01016-ea4e-7d21-a0c1-407b6fcdf8c0,entity,ring
ring:lay_sud1927,01a01016-ea4e-759c-979a-f1fee34cdd1a,entity,ring
ring:lay_total1927,01a01016-ea4e-70a2-8fb1-324442f3855e,entity,ring
p911:tec_000100,01a01016-ea4e-76d9-bc16-d2fb752accc6,entity_redirect,pilot_merge
gurgel:evd_000001,01a01016-ea54-7cb2-8aa0-6b1094d7391f,evidence,gurgel
gurgel:evd_000002,01a01016-ea54-796c-acf7-0697e92d2cdc,evidence,gurgel
gurgel:evd_000003,01a01016-ea54-7c44-88fd-c1612d64bb3e,evidence,gurgel
gurgel:evd_000004,01a01016-ea54-7dfc-bf6a-e563436d9817,evidence,gurgel
gurgel:evd_000005,01a01016-ea54-705c-bc51-b76fbe33b3c9,evidence,gurgel
gurgel:evd_000006,01a01016-ea54-7b81-a18d-f05048d98c9b,evidence,gurgel
gurgel:evd_000007,01a01016-ea54-75f4-b54a-06f096da447a,evidence,gurgel
gurgel:evd_000008,01a01016-ea54-7fe3-bf98-f8e2b25dd001,evidence,gurgel
gurgel:evd_000009,01a01016-ea54-7523-9d9f-927f835927da,evidence,gurgel
gurgel:evd_000010,01a01016-ea54-7c4e-8ca3-ca3bbc874dfd,evidence,gurgel
gurgel:evd_000011,01a01016-ea54-7b3f-b2ae-a9d84d9bdb43,evidence,gurgel
gurgel:evd_000012,01a01016-ea54-7b58-8f5b-801fd0de4adb,evidence,gurgel
gurgel:evd_000013,01a01016-ea54-777e-9a11-b3b8dc382f41,evidence,gurgel
gurgel:evd_000014,01a01016-ea54-7b33-bfc7-ff5af4b41b43,evidence,gurgel
gurgel:evd_000015,01a01016-ea54-70a3-aede-32dd121b632f,evidence,gurgel
gurgel:evd_000016,01a01016-ea54-7ba2-a64a-e7c81d1c1161,evidence,gurgel
gurgel:evd_000017,01a01016-ea54-7fb2-be97-a972db027c81,evidence,gurgel
gurgel:evd_000018,01a01016-ea54-7d09-acc1-512eec941185,evidence,gurgel
gurgel:evd_000019,01a01016-ea54-791d-bacf-407cd289ced9,evidence,gurgel
gurgel:evd_000020,01a01016-ea54-79a9-a8fd-ea2a5dfbf4a8,evidence,gurgel
gurgel:evd_000021,01a01016-ea54-7d46-a401-b09a35f759d7,evidence,gurgel
modelt:evd_000001,01a01016-ea54-739d-a574-797b5e7f6b62,evidence,modelt
modelt:evd_000002,01a01016-ea54-75c8-ba1a-46b3230dbb49,evidence,modelt
modelt:evd_000003,01a01016-ea54-7635-99d9-38fb9fc84c35,evidence,modelt
modelt:evd_000004,01a01016-ea54-7c95-8a00-90f0e37679a7,evidence,modelt
modelt:evd_000005,01a01016-ea54-73fa-82ed-40d75c4987dc,evidence,modelt
modelt:evd_000006,01a01016-ea54-79f3-8cd2-059ba8e1bbd9,evidence,modelt
modelt:evd_000007,01a01016-ea54-7f88-928c-10ce9b91c14b,evidence,modelt
modelt:evd_000008,01a01016-ea54-70c8-a55f-2f256d82aa6e,evidence,modelt
modelt:evd_000009,01a01016-ea55-795c-9d21-ab79b0e78ea0,evidence,modelt
modelt:evd_000010,01a01016-ea55-7e31-a512-62c2528b449a,evidence,modelt
modelt:evd_000011,01a01016-ea55-7a6b-8955-1256d3a86e28,evidence,modelt
modelt:evd_000012,01a01016-ea55-765a-8d02-84b644184341,evidence,modelt
modelt:evd_000013,01a01016-ea55-7f75-affd-6c13449143f3,evidence,modelt
p911:evd_000100,01a01016-ea55-7c27-b91f-2240fdbd4e16,evidence,p911
p911:evd_000101,01a01016-ea55-7cc8-a2d5-4644e4f5100d,evidence,p911
p911:evd_000102,01a01016-ea55-7292-86d4-76c061afff1f,evidence,p911
p911:evd_000103,01a01016-ea55-7405-869a-063c2dc5a084,evidence,p911
p911:evd_000104,01a01016-ea55-7089-9c37-6dc63481bee7,evidence,p911
p911:evd_000105,01a01016-ea55-7f87-8011-c38fdd087593,evidence,p911
p911:evd_000106,01a01016-ea55-799c-9548-e18a18a6882e,evidence,p911
p911:evd_000107,01a01016-ea55-7f89-a2fa-9dcac29d91f6,evidence,p911
p911:evd_000108,01a01016-ea55-71e0-a19e-a3b6c94d7bd6,evidence,p911
p911:evd_000109,01a01016-ea55-78d8-ba0f-8dc71207098c,evidence,p911
p911:evd_000110,01a01016-ea55-7903-82dd-cf8cc6f7b468,evidence,p911
p911:evd_000111,01a01016-ea55-741c-9c2b-e168f111a384,evidence,p911
p911:evd_000112,01a01016-ea55-7244-b366-09111f7eb861,evidence,p911
p911:evd_000113,01a01016-ea55-75a2-89b1-30fa7d408965,evidence,p911
p911:evd_000114,01a01016-ea55-7cb9-bb2b-8788a91b57cd,evidence,p911
p911:evd_000115,01a01016-ea55-7b25-b970-3f6789683a4e,evidence,p911
p911:evd_000116,01a01016-ea55-729e-ba8c-9ace90f65b53,evidence,p911
p911:evd_000117,01a01016-ea55-73a4-9b96-6480b07c3033,evidence,p911
p911:evd_000118,01a01016-ea55-7896-9f7d-2a85b2843978,evidence,p911
p911:evd_000119,01a01016-ea55-78f3-a315-f7a6229f39eb,evidence,p911
p911:evd_000120,01a01016-ea55-7211-8353-7dbfbaf74df4,evidence,p911
p911:evd_000121,01a01016-ea55-730e-b349-ad07f08f5c26,evidence,p911
p911:evd_000122,01a01016-ea55-78a4-a006-72cd09e09e4d,evidence,p911
p911:evd_000123,01a01016-ea55-7ba9-ad7f-ab0305de7561,evidence,p911
p911:evd_000124,01a01016-ea55-7b82-b9fe-4ed79ad115b4,evidence,p911
p911:evd_000125,01a01016-ea55-7623-a2cb-d16aaa30928e,evidence,p911
p911:evd_000126,01a01016-ea55-7728-834c-0762ecdc906e,evidence,p911
p911:evd_000127,01a01016-ea55-7b55-a85f-461dabeae497,evidence,p911
p911:evd_000128,01a01016-ea55-736c-a687-186564da82dd,evidence,p911
p911:evd_000129,01a01016-ea55-703b-b350-f1b2efb831d5,evidence,p911
p911:evd_000130,01a01016-ea55-7b82-a077-da67f13362e7,evidence,p911
p911:evd_000131,01a01016-ea55-780e-b155-f5648bcb66c1,evidence,p911
p911:evd_000132,01a01016-ea55-7944-9240-460ed2dc5132,evidence,p911
p911:evd_000133,01a01016-ea55-78c6-b055-b8c66b6f63fc,evidence,p911
p911:evd_000134,01a01016-ea55-78cb-9005-df9cbbd5bc97,evidence,p911
p911:evd_000135,01a01016-ea55-7b03-8e6d-18b9a4f13848,evidence,p911
p911:evd_000136,01a01016-ea55-75f7-8f66-f985e0d31ad2,evidence,p911
p911:evd_000137,01a01016-ea55-7f22-a2c4-86030cc2f909,evidence,p911
p911:evd_000138,01a01016-ea55-770d-b637-7791c0574243,evidence,p911
p911:evd_000139,01a01016-ea55-72ba-9bb0-e191efa361fa,evidence,p911
p911:evd_000140,01a01016-ea55-740a-b86e-0b45c89fa664,evidence,p911
p911:evd_000141,01a01016-ea55-73e0-afb7-0595bcd9f426,evidence,p911
p911:evd_000142,01a01016-ea55-7a78-bffe-292804fdb910,evidence,p911
p911:evd_000143,01a01016-ea55-74f0-bf0a-01f78e4d7786,evidence,p911
p911:evd_000144,01a01016-ea55-7d7a-bb98-acf63d455859,evidence,p911
p911:evd_000145,01a01016-ea55-704c-a9b3-344a41006402,evidence,p911
p911:evd_000146,01a01016-ea55-7fe2-a678-1e3f7e2753e5,evidence,p911
p911:evd_000147,01a01016-ea55-799b-8305-cb7fc7dc802b,evidence,p911
p911:evd_000148,01a01016-ea55-73d2-bf7d-343c78d74b46,evidence,p911
p911:evd_000149,01a01016-ea55-7aa8-a6cd-054e5e23fb04,evidence,p911
p911:evd_000150,01a01016-ea55-74a6-a58f-40e5f647e1ec,evidence,p911
p911:evd_000151,01a01016-ea55-79ac-a04f-d7c5b73f9e9d,evidence,p911
p911:evd_000152,01a01016-ea55-70e1-a629-f95e997d575e,evidence,p911
p911:evd_000153,01a01016-ea55-76d3-b345-3423ac30b6c1,evidence,p911
p911:evd_000154,01a01016-ea55-7e88-8c15-291fa082f65a,evidence,p911
p911:evd_000155,01a01016-ea55-7b76-b6dc-d638bf07870b,evidence,p911
p911:evd_000156,01a01016-ea55-7c0a-8cd2-2f450b4d5e83,evidence,p911
p911:evd_000157,01a01016-ea55-76f7-8488-756af40e25e1,evidence,p911
p911:evd_000158,01a01016-ea55-7092-a282-042d655c8e70,evidence,p911
p911:evd_000159,01a01016-ea55-75ca-8068-cc135a93a3fd,evidence,p911
p911:evd_000160,01a01016-ea55-7f03-962c-16c7e85d7cd8,evidence,p911
p911:evd_000161,01a01016-ea55-7a06-a959-655c48e3aee4,evidence,p911
p911:evd_000162,01a01016-ea55-71f4-8d6e-057da82c606e,evidence,p911
p911:evd_000163,01a01016-ea55-755b-9eef-217f8b2e29df,evidence,p911
p911:evd_000164,01a01016-ea55-7088-aec0-01ca5fe8078d,evidence,p911
p911:evd_000165,01a01016-ea55-7ad0-8f3b-9923e4201215,evidence,p911
p911:evd_000166,01a01016-ea55-7757-a583-0888cc8eac8a,evidence,p911
p911:evd_000167,01a01016-ea55-7752-9a7a-b3c5e56215a5,evidence,p911
p911:evd_000168,01a01016-ea55-7f61-a736-ef40dbf591df,evidence,p911
p917:evd_000001,01a01016-ea56-7712-9bed-9447c4b4a46a,evidence,p917
p917:evd_000002,01a01016-ea56-7334-b1c1-d59851dd4c79,evidence,p917
p917:evd_000003,01a01016-ea56-78d0-bb0e-c0a3b9540f81,evidence,p917
p917:evd_000004,01a01016-ea56-71fa-94f0-592f04d013eb,evidence,p917
p917:evd_000005,01a01016-ea56-7c61-8f99-cab00c75beb2,evidence,p917
p917:evd_000006,01a01016-ea56-7305-925a-d16f74c906ba,evidence,p917
p917:evd_000007,01a01016-ea56-7280-bd13-07227c570607,evidence,p917
p917:evd_000008,01a01016-ea56-7208-8b33-ad7e24869492,evidence,p917
p917:evd_000009,01a01016-ea56-7db2-bce8-caba7f646a00,evidence,p917
p917:evd_000010,01a01016-ea56-71c6-850f-a81f6d6f48dd,evidence,p917
p917:evd_000011,01a01016-ea56-76e1-893a-4d115b8ccfe1,evidence,p917
p917:evd_000012,01a01016-ea56-7d78-825f-aa3b7edca421,evidence,p917
p917:evd_000013,01a01016-ea56-7163-825f-1e738dce8606,evidence,p917
p917:evd_000014,01a01016-ea56-70a3-a890-62c273cc3430,evidence,p917
p917:evd_000015,01a01016-ea56-7b45-856c-1cebb901869f,evidence,p917
p917:evd_000016,01a01016-ea56-7bc9-a91a-7a83bfea2386,evidence,p917
p917:evd_000017,01a01016-ea56-7613-a950-cf579b8f76fe,evidence,p917
p917:evd_000018,01a01016-ea56-7bca-b1b0-167a6b5ed444,evidence,p917
p917:evd_000019,01a01016-ea56-7f47-80de-1ebb19374e63,evidence,p917
p917:evd_000020,01a01016-ea56-719e-ab4f-8989be714280,evidence,p917
p917:evd_000021,01a01016-ea56-733a-bc39-d5e0899e591d,evidence,p917
p917:evd_000022,01a01016-ea56-7252-b4ee-4236e622c516,evidence,p917
p917:evd_000023,01a01016-ea56-7932-93eb-518936cd97a5,evidence,p917
p917:evd_000024,01a01016-ea56-74ec-be88-7fdabee85d9b,evidence,p917
p917:evd_000025,01a01016-ea56-7707-8eb2-558321cd4f8a,evidence,p917
p917:evd_000026,01a01016-ea56-7f04-95d3-8e3e76c8df6a,evidence,p917
p917:evd_000027,01a01016-ea56-70be-a5aa-83060270d9e6,evidence,p917
p917:evd_000028,01a01016-ea56-7370-b192-16ca3c721391,evidence,p917
p917:evd_000029,01a01016-ea56-78f6-9039-ade8b5611367,evidence,p917
p917:evd_000030,01a01016-ea56-79e4-b174-def1ca122e69,evidence,p917
p917:evd_000031,01a01016-ea56-7f58-9754-744f89b0eda8,evidence,p917
p917:evd_000032,01a01016-ea56-7645-b9e2-acf46ee15fda,evidence,p917
p917:evd_000033,01a01016-ea56-75bd-8853-b461cf8d712f,evidence,p917
p917:evd_000034,01a01016-ea56-7278-bb2b-ae816c70a855,evidence,p917
p917:evd_000035,01a01016-ea56-77e4-a076-362cd4c00fbb,evidence,p917
p917:evd_000036,01a01016-ea56-7a82-832a-d3208a202fc9,evidence,p917
p917:evd_000037,01a01016-ea56-72c5-b759-f1e4077247ff,evidence,p917
p917:evd_000038,01a01016-ea56-7ae9-89d2-ec3459fb97cb,evidence,p917
p917:evd_000039,01a01016-ea56-7f1e-82cd-70f77d03d8ba,evidence,p917
p917:evd_000040,01a01016-ea56-72c2-9761-0a01240f5e72,evidence,p917
p917:evd_000041,01a01016-ea56-7748-814a-d13a7f35d1bb,evidence,p917
p917:evd_000042,01a01016-ea56-7e20-a03b-901ae595139e,evidence,p917
p917:evd_000043,01a01016-ea56-73bb-bc0a-4cfe9dd428aa,evidence,p917
p917:evd_000044,01a01016-ea56-7307-806f-c1081c2a6aeb,evidence,p917
p917:evd_000045,01a01016-ea56-741b-a855-4f82e7205b90,evidence,p917
p917:evd_000046,01a01016-ea56-706a-a5e9-c3f99f7e1034,evidence,p917
p917:evd_000047,01a01016-ea56-73ba-a15b-849c76cb4b68,evidence,p917
p917:evd_000048,01a01016-ea56-7dfe-9109-28870c057296,evidence,p917
p917:evd_000049,01a01016-ea56-7e14-bdb3-780e0560d114,evidence,p917
p917:evd_000050,01a01016-ea56-7a00-a07e-df83b3e1cfaf,evidence,p917
p917:evd_000051,01a01016-ea56-7fe4-8acc-61fe4cd73d41,evidence,p917
p917:evd_000052,01a01016-ea56-7ffd-824b-4e871d7fe38a,evidence,p917
p917:evd_000053,01a01016-ea56-7421-9b63-0d281235e8e6,evidence,p917
p917:evd_000054,01a01016-ea56-7285-bf64-a352d25ddae6,evidence,p917
p917:evd_000055,01a01016-ea56-799b-bf5c-b0e8d9cb7583,evidence,p917
p917:evd_000056,01a01016-ea56-7b8c-b3cb-aa7369eac80d,evidence,p917
p917:evd_000057,01a01016-ea56-7b90-8ca3-f5697f1b278c,evidence,p917
p917:evd_000058,01a01016-ea56-726b-9c7b-3802fe9fc8c3,evidence,p917
p917:evd_000059,01a01016-ea56-7488-9dc9-70be55d33922,evidence,p917
p917:evd_000060,01a01016-ea56-7bc4-8bbb-d85e48d7de97,evidence,p917
p917:evd_000061,01a01016-ea56-71ff-8176-87b55b8cb02e,evidence,p917
p917:evd_000062,01a01016-ea56-7c48-82b2-caa4f186f0e8,evidence,p917
p917:evd_000063,01a01016-ea56-7821-b4e5-5ef5d8ae5413,evidence,p917
p917:evd_000064,01a01016-ea56-771a-ab20-336550e93d8a,evidence,p917
p917:evd_000065,01a01016-ea56-7edf-8e95-6a6c26a8ec1e,evidence,p917
p917:evd_000066,01a01016-ea56-779f-ba54-30d7e89935de,evidence,p917
p917:evd_000067,01a01016-ea56-7912-aecf-059980b8afa7,evidence,p917
p917:evd_000068,01a01016-ea56-7c7e-b8dd-d0c46f7c3fd5,evidence,p917
p917:evd_000069,01a01016-ea56-757e-8a3b-0d0a2cfbd01d,evidence,p917
p917:evd_000070,01a01016-ea56-7bad-947a-9251ce3d3096,evidence,p917
p917:evd_000071,01a01016-ea56-72ae-8243-ec01e6082ad8,evidence,p917
p917:evd_000072,01a01016-ea56-7b87-8d5b-c2510351724f,evidence,p917
p917:evd_000073,01a01016-ea56-703c-94c8-03bb14c354be,evidence,p917
p917:evd_000074,01a01016-ea56-716d-9484-4e0c03142491,evidence,p917
p917:evd_000075,01a01016-ea56-70d7-925b-70f51b0bd14a,evidence,p917
ring:evd_nr_001,01a01016-ea56-7f8e-96e3-ffea16acdcb7,evidence,ring
ring:evd_nr_002,01a01016-ea56-7650-bdd5-997708c6a564,evidence,ring
ring:evd_nr_003,01a01016-ea56-7782-929b-ee7ecb39d061,evidence,ring
ring:evd_nr_004,01a01016-ea56-7104-8add-50172e562f0d,evidence,ring
ring:evd_nr_005,01a01016-ea56-78b6-a159-f879d87c76f0,evidence,ring
ring:evd_nr_006,01a01016-ea56-7b46-bbb9-deb01145ad9a,evidence,ring
ring:evd_nr_007,01a01016-ea56-71d0-9c38-fd0ac742bae1,evidence,ring
ring:evd_nr_008,01a01016-ea56-7fb8-851a-2a62c4b687d0,evidence,ring
ring:evd_nr_009,01a01016-ea56-7696-8bc4-cfeeffc3ed8b,evidence,ring
ring:evd_nr_010,01a01016-ea56-7e9a-b33c-8d791e1bb993,evidence,ring
ring:evd_nr_011,01a01016-ea56-7419-a47b-3010bbed98da,evidence,ring
ring:evd_nr_012,01a01016-ea56-73fd-bc65-e373517f67b9,evidence,ring
ring:evd_nr_013,01a01016-ea57-718a-8cb3-cf4e5057cd09,evidence,ring
ring:evd_nr_014,01a01016-ea57-7e42-a7c6-dfdcc19af90c,evidence,ring
ring:evd_nr_015,01a01016-ea57-79c9-8385-5f51c22beb9d,evidence,ring
ring:evd_nr_016,01a01016-ea57-70ef-a2ef-7ff92f0e1ce9,evidence,ring
ring:evd_nr_017,01a01016-ea57-718f-98db-376bd343fadc,evidence,ring
ring:evd_nr_018,01a01016-ea57-79ae-97fb-a5f6855bdf14,evidence,ring
ring:evd_nr_019,01a01016-ea57-72f9-8df4-8e4a83f3baf5,evidence,ring
ring:evd_nr_020,01a01016-ea57-7800-9b7f-925b859c6c43,evidence,ring
ring:evd_nr_021,01a01016-ea57-74d1-bc04-eee783a4e0d6,evidence,ring
ring:evd_nr_022,01a01016-ea57-7ae6-b099-357ee96f7107,evidence,ring
ring:evd_nr_023,01a01016-ea57-70a7-a871-af762e34978b,evidence,ring
ring:evd_nr_024,01a01016-ea57-7761-b1b6-f5be0a69c000,evidence,ring
ring:evd_nr_025,01a01016-ea57-7443-87d8-429aaf3b8680,evidence,ring
gurgel:src_br_qr,01a01016-ea4e-72a6-94a4-42fc0a9dea7e,source,gurgel
gurgel:src_br_qr_engine,01a01016-ea4e-7bdb-9e7e-e86a18cb1059,source,gurgel
gurgel:src_br_qr_super,01a01016-ea4e-7484-94ef-e2485cdc1f2a,source,gurgel
gurgel:src_br_rio,01a01016-ea4e-7739-bd7b-57f7d091742d,source,gurgel
modelt:src_mt_highland,01a01016-ea4e-7729-990f-613b24863648,source,modelt
modelt:src_mt_model,01a01016-ea4e-7962-92e7-7f4f5fa512e6,source,modelt
p911:src_000100,01a01016-ea4e-77e8-af4a-ff3cc580c11f,source,p911
p911:src_000101,01a01016-ea4e-7de7-b6f5-653cffb8a5ce,source,p911
p911:src_000102,01a01016-ea4e-71af-8f35-f87df1f263a6,source,p911
p911:src_000103,01a01016-ea4e-7518-abfc-3765290d9498,source,p911
p911:src_000104,01a01016-ea4e-7253-925c-93ba595e5a1d,source,p911
p911:src_000105,01a01016-ea4e-7ae8-a5f3-1a143f6bc874,source,p911
p911:src_000106,01a01016-ea4e-73b1-9aa0-4e6f3ab1a753,source,p911
p917:src_000001,01a01016-ea4e-7685-9ec3-b16b01775067,source,p917
p917:src_000002,01a01016-ea4e-777c-9609-f31eeec0b52c,source,p917
p917:src_000003,01a01016-ea4f-7f5f-b346-00e630ab38ce,source,p917
p917:src_000004,01a01016-ea4f-70fb-9fbd-21a35f2b8c4f,source,p917
p917:src_000005,01a01016-ea4f-7b4e-a1bb-9acd6c677ae5,source,p917
p917:src_000006,01a01016-ea4f-7448-ac79-8b060a8211da,source,p917
p917:src_000007,01a01016-ea4f-7838-a362-2417e5b1f5ed,source,p917
p917:src_000008,01a01016-ea4f-7e7a-9022-b4ca75639570,source,p917
ring:src_nr_gp40,01a01016-ea4f-7d3f-9605-d64689640a83,source,ring
ring:src_nr_history,01a01016-ea4f-7b87-96ad-2352f4537844,source,ring
ring:src_nr_nord,01a01016-ea4f-79db-8591-235007ad048a,source,ring
gurgel:stm_br_001,01a01016-ea4f-7a20-86ec-800f37ad0b7f,statement,gurgel
gurgel:stm_br_002,01a01016-ea4f-7e41-8279-7ed9503ce5fa,statement,gurgel
gurgel:stm_br_003,01a01016-ea4f-7d17-8a3f-5204f228ed0e,statement,gurgel
gurgel:stm_br_004,01a01016-ea4f-7919-aee5-cf0a9bf1a6a5,statement,gurgel
gurgel:stm_br_005,01a01016-ea4f-782d-b144-1c36d47e3e80,statement,gurgel
gurgel:stm_br_006,01a01016-ea50-73e6-893e-8bd7a9940f39,statement,gurgel
gurgel:stm_br_007,01a01016-ea50-7211-b83b-2cbe30a4ff28,statement,gurgel
gurgel:stm_br_008,01a01016-ea50-74e3-9f47-03cd111568ed,statement,gurgel
gurgel:stm_br_009,01a01016-ea50-7432-8d5f-a89b620171f6,statement,gurgel
gurgel:stm_br_010,01a01016-ea50-7570-b16a-59c37153f94d,statement,gurgel
gurgel:stm_br_011,01a01016-ea50-736a-8469-2f5ae8407570,statement,gurgel
gurgel:stm_br_012,01a01016-ea50-7b5b-a1ef-e5c7499c04bd,statement,gurgel
gurgel:stm_br_013,01a01016-ea50-7038-bdc9-86210dbc02c1,statement,gurgel
gurgel:stm_br_014,01a01016-ea50-77ac-9bf4-6fe0f18d351b,statement,gurgel
gurgel:stm_br_015,01a01016-ea50-7d30-8e35-9d7a70f852c5,statement,gurgel
gurgel:stm_br_016,01a01016-ea50-7e1a-881a-bbb5991a531a,statement,gurgel
gurgel:stm_br_017,01a01016-ea50-7eba-ba8a-49dea7b58b2c,statement,gurgel
modelt:stm_mt_001,01a01016-ea50-7c35-aa04-ea53c9b11a0e,statement,modelt
modelt:stm_mt_002,01a01016-ea50-72db-a6e2-84b845265c28,statement,modelt
modelt:stm_mt_003,01a01016-ea50-79ba-bbfa-ca50fb10ceb7,statement,modelt
modelt:stm_mt_004,01a01016-ea50-7ef8-b0eb-2087f6f7d54d,statement,modelt
modelt:stm_mt_005,01a01016-ea50-7b64-9941-5b72f43d065f,statement,modelt
modelt:stm_mt_006,01a01016-ea50-76bd-a79e-1786c2d4ff6e,statement,modelt
modelt:stm_mt_007,01a01016-ea50-7e24-b626-7ace48519947,statement,modelt
modelt:stm_mt_008,01a01016-ea50-7f94-bfb9-2ae48130fd7a,statement,modelt
modelt:stm_mt_009,01a01016-ea50-7c1e-abde-4cc0c693663e,statement,modelt
modelt:stm_mt_010,01a01016-ea50-7f40-af16-3fba52ffe37b,statement,modelt
modelt:stm_mt_011,01a01016-ea50-7300-8000-595eb2b5e0fd,statement,modelt
modelt:stm_mt_012,01a01016-ea50-70b2-b964-f1db1179e364,statement,modelt
modelt:stm_mt_013,01a01016-ea50-7a90-b259-b5799597d532,statement,modelt
p911:stm_000100,01a01016-ea50-7ec3-9b83-11285c4c5be7,statement,p911
p911:stm_000101,01a01016-ea50-784a-9c83-75c09e6dea26,statement,p911
p911:stm_000102,01a01016-ea51-73ec-9b8a-cebc7e34da50,statement,p911
p911:stm_000103,01a01016-ea51-7562-891c-45faf850ca8d,statement,p911
p911:stm_000104,01a01016-ea51-7339-a7e5-cc50bd4c62c5,statement,p911
p911:stm_000105,01a01016-ea51-7302-a3d4-798eb6408d31,statement,p911
p911:stm_000106,01a01016-ea51-72ee-97b2-37260e2c9e64,statement,p911
p911:stm_000107,01a01016-ea51-74db-9fc6-c4b3d2885bde,statement,p911
p911:stm_000108,01a01016-ea51-7880-b16a-ae18675bb934,statement,p911
p911:stm_000109,01a01016-ea51-76a4-9da8-9853a72ce2ff,statement,p911
p911:stm_000110,01a01016-ea51-7738-bee6-1dc346c6466c,statement,p911
p911:stm_000111,01a01016-ea51-7ada-9b91-8adb810193b0,statement,p911
p911:stm_000112,01a01016-ea51-7fb1-ab65-d878bfd93b9d,statement,p911
p911:stm_000113,01a01016-ea51-7ee5-9911-b03d55ed1c2e,statement,p911
p911:stm_000114,01a01016-ea51-78cc-b4ef-210baf9e43ea,statement,p911
p911:stm_000115,01a01016-ea51-7b91-959b-03f1d2023dd2,statement,p911
p911:stm_000116,01a01016-ea51-7926-a02f-445f4ab39a81,statement,p911
p911:stm_000117,01a01016-ea51-78ef-9326-2e5bffe9409a,statement,p911
p911:stm_000118,01a01016-ea51-7f98-b3c2-d547ec2ce5c9,statement,p911
p911:stm_000119,01a01016-ea51-7eb6-9ed7-1edcb4b9ff1e,statement,p911
p911:stm_000120,01a01016-ea51-7210-a743-34207e53c1ae,statement,p911
p911:stm_000121,01a01016-ea51-772c-bf70-4192fcc5d542,statement,p911
p911:stm_000122,01a01016-ea51-7be3-8072-6f5f12b58fd4,statement,p911
p911:stm_000123,01a01016-ea51-71e0-b767-78cf59e57882,statement,p911
p911:stm_000124,01a01016-ea51-7177-b517-3e26eee9a1aa,statement,p911
p911:stm_000125,01a01016-ea51-71b1-b7e8-f26f91059066,statement,p911
p911:stm_000126,01a01016-ea52-7767-ae63-597663431e43,statement,p911
p911:stm_000127,01a01016-ea52-72ad-ba70-3311435a7079,statement,p911
p911:stm_000128,01a01016-ea52-7bac-84c5-518cfe29ff27,statement,p911
p911:stm_000129,01a01016-ea52-74f5-81b5-7ef81aa5eec3,statement,p911
p911:stm_000130,01a01016-ea52-7d52-8a40-ec11ca6b978a,statement,p911
p911:stm_000131,01a01016-ea52-76a5-8e59-42924910e846,statement,p911
p911:stm_000132,01a01016-ea52-7cb2-87ce-512fe4dfbac5,statement,p911
p911:stm_000133,01a01016-ea52-71cb-a742-5a7b5af44507,statement,p911
p911:stm_000134,01a01016-ea52-7ad7-9842-f5bb20eb8de9,statement,p911
p911:stm_000135,01a01016-ea52-7d80-86f4-fde02ea5dae6,statement,p911
p911:stm_000136,01a01016-ea52-7858-9f89-c938a373282a,statement,p911
p911:stm_000137,01a01016-ea52-7a24-aa63-45cb137aaf32,statement,p911
p911:stm_000138,01a01016-ea52-7ba5-b39b-6e533f454e32,statement,p911
p911:stm_000139,01a01016-ea52-7b4f-9fd5-8e86e1bf7ad9,statement,p911
p911:stm_000140,01a01016-ea52-7297-9d24-53ea5d9ced50,statement,p911
p911:stm_000141,01a01016-ea52-7d6c-a343-cc720cc11dd0,statement,p911
p917:stm_000001,01a01016-ea52-7be1-a8eb-1fc9a59199c6,statement,p917
p917:stm_000002,01a01016-ea52-7abc-8ae8-7a1154a0b68b,statement,p917
p917:stm_000003,01a01016-ea52-7251-bad5-6dd67bafa5bf,statement,p917
p917:stm_000004,01a01016-ea52-7d24-a8e6-b7939986119f,statement,p917
p917:stm_000005,01a01016-ea52-7476-85ed-5697fb65fa92,statement,p917
p917:stm_000006,01a01016-ea52-75bc-908e-c7909da3939b,statement,p917
p917:stm_000007,01a01016-ea52-726e-92f4-530bd918be8d,statement,p917
p917:stm_000008,01a01016-ea52-7e03-b10a-ce46891dbc28,statement,p917
p917:stm_000009,01a01016-ea52-7777-87dd-f88df247d7a5,statement,p917
p917:stm_000010,01a01016-ea52-7105-ad52-8a966add5d22,statement,p917
p917:stm_000011,01a01016-ea52-789e-ab0b-b0a16e010555,statement,p917
p917:stm_000012,01a01016-ea52-73b0-828f-4e8f72075b32,statement,p917
p917:stm_000013,01a01016-ea52-7204-aa3d-6b4fea18cb33,statement,p917
p917:stm_000014,01a01016-ea52-78af-a9d1-f3222c4144fc,statement,p917
p917:stm_000015,01a01016-ea52-754b-b1e3-9a97eae557e2,statement,p917
p917:stm_000016,01a01016-ea52-7859-b2d6-ce4160a2b0cc,statement,p917
p917:stm_000017,01a01016-ea53-7076-b99c-e89877fdaa74,statement,p917
p917:stm_000018,01a01016-ea53-7b80-93b9-fe40dfdb7c69,statement,p917
p917:stm_000019,01a01016-ea53-7280-aaea-927393e7d67e,statement,p917
p917:stm_000020,01a01016-ea53-775e-a8b5-c504a65705ac,statement,p917
p917:stm_000021,01a01016-ea53-73dc-9b54-af01a360d4d5,statement,p917
p917:stm_000022,01a01016-ea53-7d2a-acae-fafba22bbeb6,statement,p917
p917:stm_000023,01a01016-ea53-7977-a9bb-674416aa0bb1,statement,p917
p917:stm_000024,01a01016-ea53-7fda-bd2e-69c34d385cec,statement,p917
p917:stm_000025,01a01016-ea53-76bd-b32c-35299227c675,statement,p917
p917:stm_000026,01a01016-ea53-7839-8a43-3ff00ab1f0d3,statement,p917
p917:stm_000027,01a01016-ea53-75f4-be05-99faccfd504e,statement,p917
p917:stm_000028,01a01016-ea53-741e-8c44-fbdf237e2838,statement,p917
p917:stm_000029,01a01016-ea53-7066-bcc1-aebba0c7ad19,statement,p917
p917:stm_000030,01a01016-ea53-7a21-aca3-dc15a3467f15,statement,p917
p917:stm_000031,01a01016-ea53-7e8f-9a69-dd205ae6a13c,statement,p917
p917:stm_000032,01a01016-ea53-7471-983c-fd3e8b3d4cda,statement,p917
p917:stm_000033,01a01016-ea53-7e5d-9e28-9237ec91595e,statement,p917
p917:stm_000034,01a01016-ea53-7a0b-a76b-49bd1ae01764,statement,p917
p917:stm_000035,01a01016-ea53-773f-b1f7-bef6b23c7424,statement,p917
p917:stm_000036,01a01016-ea53-7933-81d4-e16912be6dd7,statement,p917
p917:stm_000037,01a01016-ea53-7bac-b4b7-ee6aa00ad50e,statement,p917
p917:stm_000038,01a01016-ea53-7fb8-b5d9-efe33af81cff,statement,p917
p917:stm_000039,01a01016-ea53-74dd-8a35-f17a98b0654f,statement,p917
p917:stm_000040,01a01016-ea53-70cd-b447-70a85a66b26a,statement,p917
p917:stm_000041,01a01016-ea53-7b4d-9ea5-271552f128f0,statement,p917
p917:stm_000042,01a01016-ea53-781c-8cb2-a866c6e63144,statement,p917
p917:stm_000043,01a01016-ea53-7775-a0ae-fb3f856a4f15,statement,p917
ring:stm_nr_001,01a01016-ea53-739c-98a1-93e89117f717,statement,ring
ring:stm_nr_002,01a01016-ea53-779a-9a77-4b1bde062107,statement,ring
ring:stm_nr_003,01a01016-ea53-7543-9cba-9a3beeb70658,statement,ring
ring:stm_nr_004,01a01016-ea53-706e-a159-ac45bba9c1ff,statement,ring
ring:stm_nr_005,01a01016-ea53-731d-b243-57fbaf06c54c,statement,ring
ring:stm_nr_006,01a01016-ea53-7699-ba8a-bf71f0781b71,statement,ring
ring:stm_nr_007,01a01016-ea54-7720-a4f2-73cea5b21341,statement,ring
ring:stm_nr_008,01a01016-ea54-77c9-8c31-2ee5f86312c2,statement,ring
ring:stm_nr_009,01a01016-ea54-7868-a5e5-1a433d82407b,statement,ring
ring:stm_nr_010,01a01016-ea54-787e-8125-9748502aed78,statement,ring
ring:stm_nr_011,01a01016-ea54-7ec1-9df8-a4992aeb810c,statement,ring
ring:stm_nr_012,01a01016-ea54-7a74-bbbb-7196fa7374b4,statement,ring
ring:stm_nr_013,01a01016-ea54-778d-9d64-552b15e6b27d,statement,ring
ring:stm_nr_014,01a01016-ea54-70b6-9715-caca57da7187,statement,ring
ring:stm_nr_015,01a01016-ea54-709f-b01b-4f21d0c50d13,statement,ring
ring:stm_nr_016,01a01016-ea54-7cf6-9efc-3b10e4f22167,statement,ring
